'Sample code number', 'Clump Thickness', 'Uniformity of Cell Size', 'Uniformity of Cell Shape', 'Marginal Adhesion', 'Single Epithelial Cell Size', 'Bare Nuclei', 'Bland Chromatin', 'Normal Nucleoli', 'Mitoses', 'Class'
1000025,5,1,1,1,2,1,3,1,1,2
1002945,5,4,4,5,7,10,3,2,1,2
1015425,3,1,1,1,2,2,3,1,1,2
1016277,6,8,8,1,3,4,3,7,1,2
1017023,4,1,1,3,2,1,3,1,1,2
1017122,8,10,10,8,7,10,9,7,1,4
1018099,1,1,1,1,2,10,3,1,1,2
1018561,2,1,2,1,2,1,3,1,1,2
1033078,2,1,1,1,2,1,1,1,5,2
1033078,4,2,1,1,2,1,2,1,1,2
1035283,1,1,1,1,1,1,3,1,1,2
1036172,2,1,1,1,2,1,2,1,1,2
1041801,5,3,3,3,2,3,4,4,1,4
1043999,1,1,1,1,2,3,3,1,1,2
1044572,8,7,5,10,7,9,5,5,4,4
1047630,7,4,6,4,6,1,4,3,1,4
1048672,4,1,1,1,2,1,2,1,1,2
1049815,4,1,1,1,2,1,3,1,1,2
1050670,10,7,7,6,4,10,4,1,2,4
1050718,6,1,1,1,2,1,3,1,1,2
1054590,7,3,2,10,5,10,5,4,4,4
1054593,10,5,5,3,6,7,7,10,1,4
1056784,3,1,1,1,2,1,2,1,1,2
1057013,8,4,5,1,2,?,7,3,1,4
1059552,1,1,1,1,2,1,3,1,1,2
1065726,5,2,3,4,2,7,3,6,1,4
1066373,3,2,1,1,1,1,2,1,1,2
1066979,5,1,1,1,2,1,2,1,1,2
1067444,2,1,1,1,2,1,2,1,1,2
1070935,1,1,3,1,2,1,1,1,1,2
1070935,3,1,1,1,1,1,2,1,1,2
1071760,2,1,1,1,2,1,3,1,1,2
1072179,10,7,7,3,8,5,7,4,3,4
1074610,2,1,1,2,2,1,3,1,1,2
1075123,3,1,2,1,2,1,2,1,1,2
1079304,2,1,1,1,2,1,2,1,1,2
1080185,10,10,10,8,6,1,8,9,1,4
1081791,6,2,1,1,1,1,7,1,1,2
1084584,5,4,4,9,2,10,5,6,1,4
1091262,2,5,3,3,6,7,7,5,1,4
1096800,6,6,6,9,6,?,7,8,1,2
1099510,10,4,3,1,3,3,6,5,2,4
1100524,6,10,10,2,8,10,7,3,3,4
1102573,5,6,5,6,10,1,3,1,1,4
1103608,10,10,10,4,8,1,8,10,1,4
1103722,1,1,1,1,2,1,2,1,2,2
1105257,3,7,7,4,4,9,4,8,1,4
1105524,1,1,1,1,2,1,2,1,1,2
1106095,4,1,1,3,2,1,3,1,1,2
1106829,7,8,7,2,4,8,3,8,2,4
1108370,9,5,8,1,2,3,2,1,5,4
1108449,5,3,3,4,2,4,3,4,1,4
1110102,10,3,6,2,3,5,4,10,2,4
1110503,5,5,5,8,10,8,7,3,7,4
1110524,10,5,5,6,8,8,7,1,1,4
1111249,10,6,6,3,4,5,3,6,1,4
1112209,8,10,10,1,3,6,3,9,1,4
1113038,8,2,4,1,5,1,5,4,4,4
1113483,5,2,3,1,6,10,5,1,1,4
1113906,9,5,5,2,2,2,5,1,1,4
1115282,5,3,5,5,3,3,4,10,1,4
1115293,1,1,1,1,2,2,2,1,1,2
1116116,9,10,10,1,10,8,3,3,1,4
1116132,6,3,4,1,5,2,3,9,1,4
1116192,1,1,1,1,2,1,2,1,1,2
1116998,10,4,2,1,3,2,4,3,10,4
1117152,4,1,1,1,2,1,3,1,1,2
1118039,5,3,4,1,8,10,4,9,1,4
1120559,8,3,8,3,4,9,8,9,8,4
1121732,1,1,1,1,2,1,3,2,1,2
1121919,5,1,3,1,2,1,2,1,1,2
1123061,6,10,2,8,10,2,7,8,10,4
1124651,1,3,3,2,2,1,7,2,1,2
1125035,9,4,5,10,6,10,4,8,1,4
1126417,10,6,4,1,3,4,3,2,3,4
1131294,1,1,2,1,2,2,4,2,1,2
1132347,1,1,4,1,2,1,2,1,1,2
1133041,5,3,1,2,2,1,2,1,1,2
1133136,3,1,1,1,2,3,3,1,1,2
1136142,2,1,1,1,3,1,2,1,1,2
1137156,2,2,2,1,1,1,7,1,1,2
1143978,4,1,1,2,2,1,2,1,1,2
1143978,5,2,1,1,2,1,3,1,1,2
1147044,3,1,1,1,2,2,7,1,1,2
1147699,3,5,7,8,8,9,7,10,7,4
1147748,5,10,6,1,10,4,4,10,10,4
1148278,3,3,6,4,5,8,4,4,1,4
1148873,3,6,6,6,5,10,6,8,3,4
1152331,4,1,1,1,2,1,3,1,1,2
1155546,2,1,1,2,3,1,2,1,1,2
1156272,1,1,1,1,2,1,3,1,1,2
1156948,3,1,1,2,2,1,1,1,1,2
1157734,4,1,1,1,2,1,3,1,1,2
1158247,1,1,1,1,2,1,2,1,1,2
1160476,2,1,1,1,2,1,3,1,1,2
1164066,1,1,1,1,2,1,3,1,1,2
1165297,2,1,1,2,2,1,1,1,1,2
1165790,5,1,1,1,2,1,3,1,1,2
1165926,9,6,9,2,10,6,2,9,10,4
1166630,7,5,6,10,5,10,7,9,4,4
1166654,10,3,5,1,10,5,3,10,2,4
1167439,2,3,4,4,2,5,2,5,1,4
1167471,4,1,2,1,2,1,3,1,1,2
1168359,8,2,3,1,6,3,7,1,1,4
1168736,10,10,10,10,10,1,8,8,8,4
1169049,7,3,4,4,3,3,3,2,7,4
1170419,10,10,10,8,2,10,4,1,1,4
1170420,1,6,8,10,8,10,5,7,1,4
1171710,1,1,1,1,2,1,2,3,1,2
1171710,6,5,4,4,3,9,7,8,3,4
1171795,1,3,1,2,2,2,5,3,2,2
1171845,8,6,4,3,5,9,3,1,1,4
1172152,10,3,3,10,2,10,7,3,3,4
1173216,10,10,10,3,10,8,8,1,1,4
1173235,3,3,2,1,2,3,3,1,1,2
1173347,1,1,1,1,2,5,1,1,1,2
1173347,8,3,3,1,2,2,3,2,1,2
1173509,4,5,5,10,4,10,7,5,8,4
1173514,1,1,1,1,4,3,1,1,1,2
1173681,3,2,1,1,2,2,3,1,1,2
1174057,1,1,2,2,2,1,3,1,1,2
1174057,4,2,1,1,2,2,3,1,1,2
1174131,10,10,10,2,10,10,5,3,3,4
1174428,5,3,5,1,8,10,5,3,1,4
1175937,5,4,6,7,9,7,8,10,1,4
1176406,1,1,1,1,2,1,2,1,1,2
1176881,7,5,3,7,4,10,7,5,5,4
1177027,3,1,1,1,2,1,3,1,1,2
1177399,8,3,5,4,5,10,1,6,2,4
1177512,1,1,1,1,10,1,1,1,1,2
1178580,5,1,3,1,2,1,2,1,1,2
1179818,2,1,1,1,2,1,3,1,1,2
1180194,5,10,8,10,8,10,3,6,3,4
1180523,3,1,1,1,2,1,2,2,1,2
1180831,3,1,1,1,3,1,2,1,1,2
1181356,5,1,1,1,2,2,3,3,1,2
1182404,4,1,1,1,2,1,2,1,1,2
1182410,3,1,1,1,2,1,1,1,1,2
1183240,4,1,2,1,2,1,2,1,1,2
1183246,1,1,1,1,1,?,2,1,1,2
1183516,3,1,1,1,2,1,1,1,1,2
1183911,2,1,1,1,2,1,1,1,1,2
1183983,9,5,5,4,4,5,4,3,3,4
1184184,1,1,1,1,2,5,1,1,1,2
1184241,2,1,1,1,2,1,2,1,1,2
1184840,1,1,3,1,2,?,2,1,1,2
1185609,3,4,5,2,6,8,4,1,1,4
1185610,1,1,1,1,3,2,2,1,1,2
1187457,3,1,1,3,8,1,5,8,1,2
1187805,8,8,7,4,10,10,7,8,7,4
1188472,1,1,1,1,1,1,3,1,1,2
1189266,7,2,4,1,6,10,5,4,3,4
1189286,10,10,8,6,4,5,8,10,1,4
1190394,4,1,1,1,2,3,1,1,1,2
1190485,1,1,1,1,2,1,1,1,1,2
1192325,5,5,5,6,3,10,3,1,1,4
1193091,1,2,2,1,2,1,2,1,1,2
1193210,2,1,1,1,2,1,3,1,1,2
1193683,1,1,2,1,3,?,1,1,1,2
1196295,9,9,10,3,6,10,7,10,6,4
1196915,10,7,7,4,5,10,5,7,2,4
1197080,4,1,1,1,2,1,3,2,1,2
1197270,3,1,1,1,2,1,3,1,1,2
1197440,1,1,1,2,1,3,1,1,7,2
1197510,5,1,1,1,2,?,3,1,1,2
1197979,4,1,1,1,2,2,3,2,1,2
1197993,5,6,7,8,8,10,3,10,3,4
1198128,10,8,10,10,6,1,3,1,10,4
1198641,3,1,1,1,2,1,3,1,1,2
1199219,1,1,1,2,1,1,1,1,1,2
1199731,3,1,1,1,2,1,1,1,1,2
1199983,1,1,1,1,2,1,3,1,1,2
1200772,1,1,1,1,2,1,2,1,1,2
1200847,6,10,10,10,8,10,10,10,7,4
1200892,8,6,5,4,3,10,6,1,1,4
1200952,5,8,7,7,10,10,5,7,1,4
1201834,2,1,1,1,2,1,3,1,1,2
1201936,5,10,10,3,8,1,5,10,3,4
1202125,4,1,1,1,2,1,3,1,1,2
1202812,5,3,3,3,6,10,3,1,1,4
1203096,1,1,1,1,1,1,3,1,1,2
1204242,1,1,1,1,2,1,1,1,1,2
1204898,6,1,1,1,2,1,3,1,1,2
1205138,5,8,8,8,5,10,7,8,1,4
1205579,8,7,6,4,4,10,5,1,1,4
1206089,2,1,1,1,1,1,3,1,1,2
1206695,1,5,8,6,5,8,7,10,1,4
1206841,10,5,6,10,6,10,7,7,10,4
1207986,5,8,4,10,5,8,9,10,1,4
1208301,1,2,3,1,2,1,3,1,1,2
1210963,10,10,10,8,6,8,7,10,1,4
1211202,7,5,10,10,10,10,4,10,3,4
1212232,5,1,1,1,2,1,2,1,1,2
1212251,1,1,1,1,2,1,3,1,1,2
1212422,3,1,1,1,2,1,3,1,1,2
1212422,4,1,1,1,2,1,3,1,1,2
1213375,8,4,4,5,4,7,7,8,2,2
1213383,5,1,1,4,2,1,3,1,1,2
1214092,1,1,1,1,2,1,1,1,1,2
1214556,3,1,1,1,2,1,2,1,1,2
1214966,9,7,7,5,5,10,7,8,3,4
1216694,10,8,8,4,10,10,8,1,1,4
1216947,1,1,1,1,2,1,3,1,1,2
1217051,5,1,1,1,2,1,3,1,1,2
1217264,1,1,1,1,2,1,3,1,1,2
1218105,5,10,10,9,6,10,7,10,5,4
1218741,10,10,9,3,7,5,3,5,1,4
1218860,1,1,1,1,1,1,3,1,1,2
1218860,1,1,1,1,1,1,3,1,1,2
1219406,5,1,1,1,1,1,3,1,1,2
1219525,8,10,10,10,5,10,8,10,6,4
1219859,8,10,8,8,4,8,7,7,1,4
1220330,1,1,1,1,2,1,3,1,1,2
1221863,10,10,10,10,7,10,7,10,4,4
1222047,10,10,10,10,3,10,10,6,1,4
1222936,8,7,8,7,5,5,5,10,2,4
1223282,1,1,1,1,2,1,2,1,1,2
1223426,1,1,1,1,2,1,3,1,1,2
1223793,6,10,7,7,6,4,8,10,2,4
1223967,6,1,3,1,2,1,3,1,1,2
1224329,1,1,1,2,2,1,3,1,1,2
1225799,10,6,4,3,10,10,9,10,1,4
1226012,4,1,1,3,1,5,2,1,1,4
1226612,7,5,6,3,3,8,7,4,1,4
1227210,10,5,5,6,3,10,7,9,2,4
1227244,1,1,1,1,2,1,2,1,1,2
1227481,10,5,7,4,4,10,8,9,1,4
1228152,8,9,9,5,3,5,7,7,1,4
1228311,1,1,1,1,1,1,3,1,1,2
1230175,10,10,10,3,10,10,9,10,1,4
1230688,7,4,7,4,3,7,7,6,1,4
1231387,6,8,7,5,6,8,8,9,2,4
1231706,8,4,6,3,3,1,4,3,1,2
1232225,10,4,5,5,5,10,4,1,1,4
1236043,3,3,2,1,3,1,3,6,1,2
1241232,3,1,4,1,2,?,3,1,1,2
1241559,10,8,8,2,8,10,4,8,10,4
1241679,9,8,8,5,6,2,4,10,4,4
1242364,8,10,10,8,6,9,3,10,10,4
1243256,10,4,3,2,3,10,5,3,2,4
1270479,5,1,3,3,2,2,2,3,1,2
1276091,3,1,1,3,1,1,3,1,1,2
1277018,2,1,1,1,2,1,3,1,1,2
128059,1,1,1,1,2,5,5,1,1,2
1285531,1,1,1,1,2,1,3,1,1,2
1287775,5,1,1,2,2,2,3,1,1,2
144888,8,10,10,8,5,10,7,8,1,4
145447,8,4,4,1,2,9,3,3,1,4
167528,4,1,1,1,2,1,3,6,1,2
169356,3,1,1,1,2,?,3,1,1,2
183913,1,2,2,1,2,1,1,1,1,2
191250,10,4,4,10,2,10,5,3,3,4
1017023,6,3,3,5,3,10,3,5,3,2
1100524,6,10,10,2,8,10,7,3,3,4
1116116,9,10,10,1,10,8,3,3,1,4
1168736,5,6,6,2,4,10,3,6,1,4
1182404,3,1,1,1,2,1,1,1,1,2
1182404,3,1,1,1,2,1,2,1,1,2
1198641,3,1,1,1,2,1,3,1,1,2
242970,5,7,7,1,5,8,3,4,1,2
255644,10,5,8,10,3,10,5,1,3,4
263538,5,10,10,6,10,10,10,6,5,4
274137,8,8,9,4,5,10,7,8,1,4
303213,10,4,4,10,6,10,5,5,1,4
314428,7,9,4,10,10,3,5,3,3,4
1182404,5,1,4,1,2,1,3,2,1,2
1198641,10,10,6,3,3,10,4,3,2,4
320675,3,3,5,2,3,10,7,1,1,4
324427,10,8,8,2,3,4,8,7,8,4
385103,1,1,1,1,2,1,3,1,1,2
390840,8,4,7,1,3,10,3,9,2,4
411453,5,1,1,1,2,1,3,1,1,2
320675,3,3,5,2,3,10,7,1,1,4
428903,7,2,4,1,3,4,3,3,1,4
431495,3,1,1,1,2,1,3,2,1,2
432809,3,1,3,1,2,?,2,1,1,2
434518,3,1,1,1,2,1,2,1,1,2
452264,1,1,1,1,2,1,2,1,1,2
456282,1,1,1,1,2,1,3,1,1,2
476903,10,5,7,3,3,7,3,3,8,4
486283,3,1,1,1,2,1,3,1,1,2
486662,2,1,1,2,2,1,3,1,1,2
488173,1,4,3,10,4,10,5,6,1,4
492268,10,4,6,1,2,10,5,3,1,4
508234,7,4,5,10,2,10,3,8,2,4
527363,8,10,10,10,8,10,10,7,3,4
529329,10,10,10,10,10,10,4,10,10,4
535331,3,1,1,1,3,1,2,1,1,2
543558,6,1,3,1,4,5,5,10,1,4
555977,5,6,6,8,6,10,4,10,4,4
560680,1,1,1,1,2,1,1,1,1,2
561477,1,1,1,1,2,1,3,1,1,2
563649,8,8,8,1,2,?,6,10,1,4
601265,10,4,4,6,2,10,2,3,1,4
606140,1,1,1,1,2,?,2,1,1,2
606722,5,5,7,8,6,10,7,4,1,4
616240,5,3,4,3,4,5,4,7,1,2
61634,5,4,3,1,2,?,2,3,1,2
625201,8,2,1,1,5,1,1,1,1,2
63375,9,1,2,6,4,10,7,7,2,4
635844,8,4,10,5,4,4,7,10,1,4
636130,1,1,1,1,2,1,3,1,1,2
640744,10,10,10,7,9,10,7,10,10,4
646904,1,1,1,1,2,1,3,1,1,2
653777,8,3,4,9,3,10,3,3,1,4
659642,10,8,4,4,4,10,3,10,4,4
666090,1,1,1,1,2,1,3,1,1,2
666942,1,1,1,1,2,1,3,1,1,2
667204,7,8,7,6,4,3,8,8,4,4
673637,3,1,1,1,2,5,5,1,1,2
684955,2,1,1,1,3,1,2,1,1,2
688033,1,1,1,1,2,1,1,1,1,2
691628,8,6,4,10,10,1,3,5,1,4
693702,1,1,1,1,2,1,1,1,1,2
704097,1,1,1,1,1,1,2,1,1,2
704168,4,6,5,6,7,?,4,9,1,2
706426,5,5,5,2,5,10,4,3,1,4
709287,6,8,7,8,6,8,8,9,1,4
718641,1,1,1,1,5,1,3,1,1,2
721482,4,4,4,4,6,5,7,3,1,2
730881,7,6,3,2,5,10,7,4,6,4
733639,3,1,1,1,2,?,3,1,1,2
733639,3,1,1,1,2,1,3,1,1,2
733823,5,4,6,10,2,10,4,1,1,4
740492,1,1,1,1,2,1,3,1,1,2
743348,3,2,2,1,2,1,2,3,1,2
752904,10,1,1,1,2,10,5,4,1,4
756136,1,1,1,1,2,1,2,1,1,2
760001,8,10,3,2,6,4,3,10,1,4
760239,10,4,6,4,5,10,7,1,1,4
76389,10,4,7,2,2,8,6,1,1,4
764974,5,1,1,1,2,1,3,1,2,2
770066,5,2,2,2,2,1,2,2,1,2
785208,5,4,6,6,4,10,4,3,1,4
785615,8,6,7,3,3,10,3,4,2,4
792744,1,1,1,1,2,1,1,1,1,2
797327,6,5,5,8,4,10,3,4,1,4
798429,1,1,1,1,2,1,3,1,1,2
704097,1,1,1,1,1,1,2,1,1,2
806423,8,5,5,5,2,10,4,3,1,4
809912,10,3,3,1,2,10,7,6,1,4
810104,1,1,1,1,2,1,3,1,1,2
814265,2,1,1,1,2,1,1,1,1,2
814911,1,1,1,1,2,1,1,1,1,2
822829,7,6,4,8,10,10,9,5,3,4
826923,1,1,1,1,2,1,1,1,1,2
830690,5,2,2,2,3,1,1,3,1,2
831268,1,1,1,1,1,1,1,3,1,2
832226,3,4,4,10,5,1,3,3,1,4
832567,4,2,3,5,3,8,7,6,1,4
836433,5,1,1,3,2,1,1,1,1,2
837082,2,1,1,1,2,1,3,1,1,2
846832,3,4,5,3,7,3,4,6,1,2
850831,2,7,10,10,7,10,4,9,4,4
855524,1,1,1,1,2,1,2,1,1,2
857774,4,1,1,1,3,1,2,2,1,2
859164,5,3,3,1,3,3,3,3,3,4
859350,8,10,10,7,10,10,7,3,8,4
866325,8,10,5,3,8,4,4,10,3,4
873549,10,3,5,4,3,7,3,5,3,4
877291,6,10,10,10,10,10,8,10,10,4
877943,3,10,3,10,6,10,5,1,4,4
888169,3,2,2,1,4,3,2,1,1,2
888523,4,4,4,2,2,3,2,1,1,2
896404,2,1,1,1,2,1,3,1,1,2
897172,2,1,1,1,2,1,2,1,1,2
95719,6,10,10,10,8,10,7,10,7,4
160296,5,8,8,10,5,10,8,10,3,4
342245,1,1,3,1,2,1,1,1,1,2
428598,1,1,3,1,1,1,2,1,1,2
492561,4,3,2,1,3,1,2,1,1,2
493452,1,1,3,1,2,1,1,1,1,2
493452,4,1,2,1,2,1,2,1,1,2
521441,5,1,1,2,2,1,2,1,1,2
560680,3,1,2,1,2,1,2,1,1,2
636437,1,1,1,1,2,1,1,1,1,2
640712,1,1,1,1,2,1,2,1,1,2
654244,1,1,1,1,1,1,2,1,1,2
657753,3,1,1,4,3,1,2,2,1,2
685977,5,3,4,1,4,1,3,1,1,2
805448,1,1,1,1,2,1,1,1,1,2
846423,10,6,3,6,4,10,7,8,4,4
1002504,3,2,2,2,2,1,3,2,1,2
1022257,2,1,1,1,2,1,1,1,1,2
1026122,2,1,1,1,2,1,1,1,1,2
1071084,3,3,2,2,3,1,1,2,3,2
1080233,7,6,6,3,2,10,7,1,1,4
1114570,5,3,3,2,3,1,3,1,1,2
1114570,2,1,1,1,2,1,2,2,1,2
1116715,5,1,1,1,3,2,2,2,1,2
1131411,1,1,1,2,2,1,2,1,1,2
1151734,10,8,7,4,3,10,7,9,1,4
1156017,3,1,1,1,2,1,2,1,1,2
1158247,1,1,1,1,1,1,1,1,1,2
1158405,1,2,3,1,2,1,2,1,1,2
1168278,3,1,1,1,2,1,2,1,1,2
1176187,3,1,1,1,2,1,3,1,1,2
1196263,4,1,1,1,2,1,1,1,1,2
1196475,3,2,1,1,2,1,2,2,1,2
1206314,1,2,3,1,2,1,1,1,1,2
1211265,3,10,8,7,6,9,9,3,8,4
1213784,3,1,1,1,2,1,1,1,1,2
1223003,5,3,3,1,2,1,2,1,1,2
1223306,3,1,1,1,2,4,1,1,1,2
1223543,1,2,1,3,2,1,1,2,1,2
1229929,1,1,1,1,2,1,2,1,1,2
1231853,4,2,2,1,2,1,2,1,1,2
1234554,1,1,1,1,2,1,2,1,1,2
1236837,2,3,2,2,2,2,3,1,1,2
1237674,3,1,2,1,2,1,2,1,1,2
1238021,1,1,1,1,2,1,2,1,1,2
1238464,1,1,1,1,1,?,2,1,1,2
1238633,10,10,10,6,8,4,8,5,1,4
1238915,5,1,2,1,2,1,3,1,1,2
1238948,8,5,6,2,3,10,6,6,1,4
1239232,3,3,2,6,3,3,3,5,1,2
1239347,8,7,8,5,10,10,7,2,1,4
1239967,1,1,1,1,2,1,2,1,1,2
1240337,5,2,2,2,2,2,3,2,2,2
1253505,2,3,1,1,5,1,1,1,1,2
1255384,3,2,2,3,2,3,3,1,1,2
1257200,10,10,10,7,10,10,8,2,1,4
1257648,4,3,3,1,2,1,3,3,1,2
1257815,5,1,3,1,2,1,2,1,1,2
1257938,3,1,1,1,2,1,1,1,1,2
1258549,9,10,10,10,10,10,10,10,1,4
1258556,5,3,6,1,2,1,1,1,1,2
1266154,8,7,8,2,4,2,5,10,1,4
1272039,1,1,1,1,2,1,2,1,1,2
1276091,2,1,1,1,2,1,2,1,1,2
1276091,1,3,1,1,2,1,2,2,1,2
1276091,5,1,1,3,4,1,3,2,1,2
1277629,5,1,1,1,2,1,2,2,1,2
1293439,3,2,2,3,2,1,1,1,1,2
1293439,6,9,7,5,5,8,4,2,1,2
1294562,10,8,10,1,3,10,5,1,1,4
1295186,10,10,10,1,6,1,2,8,1,4
527337,4,1,1,1,2,1,1,1,1,2
558538,4,1,3,3,2,1,1,1,1,2
566509,5,1,1,1,2,1,1,1,1,2
608157,10,4,3,10,4,10,10,1,1,4
677910,5,2,2,4,2,4,1,1,1,2
734111,1,1,1,3,2,3,1,1,1,2
734111,1,1,1,1,2,2,1,1,1,2
780555,5,1,1,6,3,1,2,1,1,2
827627,2,1,1,1,2,1,1,1,1,2
1049837,1,1,1,1,2,1,1,1,1,2
1058849,5,1,1,1,2,1,1,1,1,2
1182404,1,1,1,1,1,1,1,1,1,2
1193544,5,7,9,8,6,10,8,10,1,4
1201870,4,1,1,3,1,1,2,1,1,2
1202253,5,1,1,1,2,1,1,1,1,2
1227081,3,1,1,3,2,1,1,1,1,2
1230994,4,5,5,8,6,10,10,7,1,4
1238410,2,3,1,1,3,1,1,1,1,2
1246562,10,2,2,1,2,6,1,1,2,4
1257470,10,6,5,8,5,10,8,6,1,4
1259008,8,8,9,6,6,3,10,10,1,4
1266124,5,1,2,1,2,1,1,1,1,2
1267898,5,1,3,1,2,1,1,1,1,2
1268313,5,1,1,3,2,1,1,1,1,2
1268804,3,1,1,1,2,5,1,1,1,2
1276091,6,1,1,3,2,1,1,1,1,2
1280258,4,1,1,1,2,1,1,2,1,2
1293966,4,1,1,1,2,1,1,1,1,2
1296572,10,9,8,7,6,4,7,10,3,4
1298416,10,6,6,2,4,10,9,7,1,4
1299596,6,6,6,5,4,10,7,6,2,4
1105524,4,1,1,1,2,1,1,1,1,2
1181685,1,1,2,1,2,1,2,1,1,2
1211594,3,1,1,1,1,1,2,1,1,2
1238777,6,1,1,3,2,1,1,1,1,2
1257608,6,1,1,1,1,1,1,1,1,2
1269574,4,1,1,1,2,1,1,1,1,2
1277145,5,1,1,1,2,1,1,1,1,2
1287282,3,1,1,1,2,1,1,1,1,2
1296025,4,1,2,1,2,1,1,1,1,2
1296263,4,1,1,1,2,1,1,1,1,2
1296593,5,2,1,1,2,1,1,1,1,2
1299161,4,8,7,10,4,10,7,5,1,4
1301945,5,1,1,1,1,1,1,1,1,2
1302428,5,3,2,4,2,1,1,1,1,2
1318169,9,10,10,10,10,5,10,10,10,4
474162,8,7,8,5,5,10,9,10,1,4
787451,5,1,2,1,2,1,1,1,1,2
1002025,1,1,1,3,1,3,1,1,1,2
1070522,3,1,1,1,1,1,2,1,1,2
1073960,10,10,10,10,6,10,8,1,5,4
1076352,3,6,4,10,3,3,3,4,1,4
1084139,6,3,2,1,3,4,4,1,1,4
1115293,1,1,1,1,2,1,1,1,1,2
1119189,5,8,9,4,3,10,7,1,1,4
1133991,4,1,1,1,1,1,2,1,1,2
1142706,5,10,10,10,6,10,6,5,2,4
1155967,5,1,2,10,4,5,2,1,1,2
1170945,3,1,1,1,1,1,2,1,1,2
1181567,1,1,1,1,1,1,1,1,1,2
1182404,4,2,1,1,2,1,1,1,1,2
1204558,4,1,1,1,2,1,2,1,1,2
1217952,4,1,1,1,2,1,2,1,1,2
1224565,6,1,1,1,2,1,3,1,1,2
1238186,4,1,1,1,2,1,2,1,1,2
1253917,4,1,1,2,2,1,2,1,1,2
1265899,4,1,1,1,2,1,3,1,1,2
1268766,1,1,1,1,2,1,1,1,1,2
1277268,3,3,1,1,2,1,1,1,1,2
1286943,8,10,10,10,7,5,4,8,7,4
1295508,1,1,1,1,2,4,1,1,1,2
1297327,5,1,1,1,2,1,1,1,1,2
1297522,2,1,1,1,2,1,1,1,1,2
1298360,1,1,1,1,2,1,1,1,1,2
1299924,5,1,1,1,2,1,2,1,1,2
1299994,5,1,1,1,2,1,1,1,1,2
1304595,3,1,1,1,1,1,2,1,1,2
1306282,6,6,7,10,3,10,8,10,2,4
1313325,4,10,4,7,3,10,9,10,1,4
1320077,1,1,1,1,1,1,1,1,1,2
1320077,1,1,1,1,1,1,2,1,1,2
1320304,3,1,2,2,2,1,1,1,1,2
1330439,4,7,8,3,4,10,9,1,1,4
333093,1,1,1,1,3,1,1,1,1,2
369565,4,1,1,1,3,1,1,1,1,2
412300,10,4,5,4,3,5,7,3,1,4
672113,7,5,6,10,4,10,5,3,1,4
749653,3,1,1,1,2,1,2,1,1,2
769612,3,1,1,2,2,1,1,1,1,2
769612,4,1,1,1,2,1,1,1,1,2
798429,4,1,1,1,2,1,3,1,1,2
807657,6,1,3,2,2,1,1,1,1,2
8233704,4,1,1,1,1,1,2,1,1,2
837480,7,4,4,3,4,10,6,9,1,4
867392,4,2,2,1,2,1,2,1,1,2
869828,1,1,1,1,1,1,3,1,1,2
1043068,3,1,1,1,2,1,2,1,1,2
1056171,2,1,1,1,2,1,2,1,1,2
1061990,1,1,3,2,2,1,3,1,1,2
1113061,5,1,1,1,2,1,3,1,1,2
1116192,5,1,2,1,2,1,3,1,1,2
1135090,4,1,1,1,2,1,2,1,1,2
1145420,6,1,1,1,2,1,2,1,1,2
1158157,5,1,1,1,2,2,2,1,1,2
1171578,3,1,1,1,2,1,1,1,1,2
1174841,5,3,1,1,2,1,1,1,1,2
1184586,4,1,1,1,2,1,2,1,1,2
1186936,2,1,3,2,2,1,2,1,1,2
1197527,5,1,1,1,2,1,2,1,1,2
1222464,6,10,10,10,4,10,7,10,1,4
1240603,2,1,1,1,1,1,1,1,1,2
1240603,3,1,1,1,1,1,1,1,1,2
1241035,7,8,3,7,4,5,7,8,2,4
1287971,3,1,1,1,2,1,2,1,1,2
1289391,1,1,1,1,2,1,3,1,1,2
1299924,3,2,2,2,2,1,4,2,1,2
1306339,4,4,2,1,2,5,2,1,2,2
1313658,3,1,1,1,2,1,1,1,1,2
1313982,4,3,1,1,2,1,4,8,1,2
1321264,5,2,2,2,1,1,2,1,1,2
1321321,5,1,1,3,2,1,1,1,1,2
1321348,2,1,1,1,2,1,2,1,1,2
1321931,5,1,1,1,2,1,2,1,1,2
1321942,5,1,1,1,2,1,3,1,1,2
1321942,5,1,1,1,2,1,3,1,1,2
1328331,1,1,1,1,2,1,3,1,1,2
1328755,3,1,1,1,2,1,2,1,1,2
1331405,4,1,1,1,2,1,3,2,1,2
1331412,5,7,10,10,5,10,10,10,1,4
1333104,3,1,2,1,2,1,3,1,1,2
1334071,4,1,1,1,2,3,2,1,1,2
1343068,8,4,4,1,6,10,2,5,2,4
1343374,10,10,8,10,6,5,10,3,1,4
1344121,8,10,4,4,8,10,8,2,1,4
142932,7,6,10,5,3,10,9,10,2,4
183936,3,1,1,1,2,1,2,1,1,2
324382,1,1,1,1,2,1,2,1,1,2
378275,10,9,7,3,4,2,7,7,1,4
385103,5,1,2,1,2,1,3,1,1,2
690557,5,1,1,1,2,1,2,1,1,2
695091,1,1,1,1,2,1,2,1,1,2
695219,1,1,1,1,2,1,2,1,1,2
824249,1,1,1,1,2,1,3,1,1,2
871549,5,1,2,1,2,1,2,1,1,2
878358,5,7,10,6,5,10,7,5,1,4
1107684,6,10,5,5,4,10,6,10,1,4
1115762,3,1,1,1,2,1,1,1,1,2
1217717,5,1,1,6,3,1,1,1,1,2
1239420,1,1,1,1,2,1,1,1,1,2
1254538,8,10,10,10,6,10,10,10,1,4
1261751,5,1,1,1,2,1,2,2,1,2
1268275,9,8,8,9,6,3,4,1,1,4
1272166,5,1,1,1,2,1,1,1,1,2
1294261,4,10,8,5,4,1,10,1,1,4
1295529,2,5,7,6,4,10,7,6,1,4
1298484,10,3,4,5,3,10,4,1,1,4
1311875,5,1,2,1,2,1,1,1,1,2
1315506,4,8,6,3,4,10,7,1,1,4
1320141,5,1,1,1,2,1,2,1,1,2
1325309,4,1,2,1,2,1,2,1,1,2
1333063,5,1,3,1,2,1,3,1,1,2
1333495,3,1,1,1,2,1,2,1,1,2
1334659,5,2,4,1,1,1,1,1,1,2
1336798,3,1,1,1,2,1,2,1,1,2
1344449,1,1,1,1,1,1,2,1,1,2
1350568,4,1,1,1,2,1,2,1,1,2
1352663,5,4,6,8,4,1,8,10,1,4
188336,5,3,2,8,5,10,8,1,2,4
352431,10,5,10,3,5,8,7,8,3,4
353098,4,1,1,2,2,1,1,1,1,2
411453,1,1,1,1,2,1,1,1,1,2
557583,5,10,10,10,10,10,10,1,1,4
636375,5,1,1,1,2,1,1,1,1,2
736150,10,4,3,10,3,10,7,1,2,4
803531,5,10,10,10,5,2,8,5,1,4
822829,8,10,10,10,6,10,10,10,10,4
1016634,2,3,1,1,2,1,2,1,1,2
1031608,2,1,1,1,1,1,2,1,1,2
1041043,4,1,3,1,2,1,2,1,1,2
1042252,3,1,1,1,2,1,2,1,1,2
1057067,1,1,1,1,1,?,1,1,1,2
1061990,4,1,1,1,2,1,2,1,1,2
1073836,5,1,1,1,2,1,2,1,1,2
1083817,3,1,1,1,2,1,2,1,1,2
1096352,6,3,3,3,3,2,6,1,1,2
1140597,7,1,2,3,2,1,2,1,1,2
1149548,1,1,1,1,2,1,1,1,1,2
1174009,5,1,1,2,1,1,2,1,1,2
1183596,3,1,3,1,3,4,1,1,1,2
1190386,4,6,6,5,7,6,7,7,3,4
1190546,2,1,1,1,2,5,1,1,1,2
1213273,2,1,1,1,2,1,1,1,1,2
1218982,4,1,1,1,2,1,1,1,1,2
1225382,6,2,3,1,2,1,1,1,1,2
1235807,5,1,1,1,2,1,2,1,1,2
1238777,1,1,1,1,2,1,1,1,1,2
1253955,8,7,4,4,5,3,5,10,1,4
1257366,3,1,1,1,2,1,1,1,1,2
1260659,3,1,4,1,2,1,1,1,1,2
1268952,10,10,7,8,7,1,10,10,3,4
1275807,4,2,4,3,2,2,2,1,1,2
1277792,4,1,1,1,2,1,1,1,1,2
1277792,5,1,1,3,2,1,1,1,1,2
1285722,4,1,1,3,2,1,1,1,1,2
1288608,3,1,1,1,2,1,2,1,1,2
1290203,3,1,1,1,2,1,2,1,1,2
1294413,1,1,1,1,2,1,1,1,1,2
1299596,2,1,1,1,2,1,1,1,1,2
1303489,3,1,1,1,2,1,2,1,1,2
1311033,1,2,2,1,2,1,1,1,1,2
1311108,1,1,1,3,2,1,1,1,1,2
1315807,5,10,10,10,10,2,10,10,10,4
1318671,3,1,1,1,2,1,2,1,1,2
1319609,3,1,1,2,3,4,1,1,1,2
1323477,1,2,1,3,2,1,2,1,1,2
1324572,5,1,1,1,2,1,2,2,1,2
1324681,4,1,1,1,2,1,2,1,1,2
1325159,3,1,1,1,2,1,3,1,1,2
1326892,3,1,1,1,2,1,2,1,1,2
1330361,5,1,1,1,2,1,2,1,1,2
1333877,5,4,5,1,8,1,3,6,1,2
1334015,7,8,8,7,3,10,7,2,3,4
1334667,1,1,1,1,2,1,1,1,1,2
1339781,1,1,1,1,2,1,2,1,1,2
1339781,4,1,1,1,2,1,3,1,1,2
13454352,1,1,3,1,2,1,2,1,1,2
1345452,1,1,3,1,2,1,2,1,1,2
1345593,3,1,1,3,2,1,2,1,1,2
1347749,1,1,1,1,2,1,1,1,1,2
1347943,5,2,2,2,2,1,1,1,2,2
1348851,3,1,1,1,2,1,3,1,1,2
1350319,5,7,4,1,6,1,7,10,3,4
1350423,5,10,10,8,5,5,7,10,1,4
1352848,3,10,7,8,5,8,7,4,1,4
1353092,3,2,1,2,2,1,3,1,1,2
1354840,2,1,1,1,2,1,3,1,1,2
1354840,5,3,2,1,3,1,1,1,1,2
1355260,1,1,1,1,2,1,2,1,1,2
1365075,4,1,4,1,2,1,1,1,1,2
1365328,1,1,2,1,2,1,2,1,1,2
1368267,5,1,1,1,2,1,1,1,1,2
1368273,1,1,1,1,2,1,1,1,1,2
1368882,2,1,1,1,2,1,1,1,1,2
1369821,10,10,10,10,5,10,10,10,7,4
1371026,5,10,10,10,4,10,5,6,3,4
1371920,5,1,1,1,2,1,3,2,1,2
466906,1,1,1,1,2,1,1,1,1,2
466906,1,1,1,1,2,1,1,1,1,2
534555,1,1,1,1,2,1,1,1,1,2
536708,1,1,1,1,2,1,1,1,1,2
566346,3,1,1,1,2,1,2,3,1,2
603148,4,1,1,1,2,1,1,1,1,2
654546,1,1,1,1,2,1,1,1,8,2
654546,1,1,1,3,2,1,1,1,1,2
695091,5,10,10,5,4,5,4,4,1,4
714039,3,1,1,1,2,1,1,1,1,2
763235,3,1,1,1,2,1,2,1,2,2
776715,3,1,1,1,3,2,1,1,1,2
841769,2,1,1,1,2,1,1,1,1,2
888820,5,10,10,3,7,3,8,10,2,4
897471,4,8,6,4,3,4,10,6,1,4
897471,4,8,8,5,4,5,10,4,1,4"cellular";18;"may";59;2;-1;0;"unknown";"no"
27;"student";"single";"secondary";"no";268;"yes";"no";"cellular";13;"may";528;1;358;2;"failure";"no"
52;"management";"single";"tertiary";"no";83;"no";"no";"cellular";26;"aug";1223;6;-1;0;"unknown";"yes"
45;"admin.";"divorced";"unknown";"no";998;"yes";"no";"telephone";30;"jul";38;2;-1;0;"unknown";"no"
58;"admin.";"single";"secondary";"no";2223;"no";"no";"cellular";4;"dec";1139;2;114;1;"success";"no"
39;"blue-collar";"single";"primary";"no";6;"yes";"no";"cellular";19;"nov";286;2;-1;0;"unknown";"no"
48;"blue-collar";"single";"secondary";"no";312;"yes";"yes";"cellular";3;"feb";369;2;-1;0;"unknown";"no"
36;"management";"single";"secondary";"no";0;"no";"no";"cellular";13;"aug";333;5;-1;0;"unknown";"no"
31;"technician";"single";"secondary";"no";691;"yes";"no";"cellular";8;"may";198;1;-1;0;"unknown";"no"
41;"management";"married";"tertiary";"no";771;"yes";"no";"cellular";26;"aug";106;8;-1;0;"unknown";"no"
30;"self-employed";"single";"secondary";"no";192;"no";"no";"cellular";22;"jul";423;1;-1;0;"unknown";"no"
57;"retired";"married";"tertiary";"no";0;"no";"no";"cellular";12;"aug";116;4;-1;0;"unknown";"no"
29;"admin.";"single";"secondary";"no";1070;"yes";"no";"unknown";19;"may";30;1;357;1;"other";"yes"
29;"services";"divorced";"secondary";"no";84;"yes";"no";"cellular";13;"apr";1101;2;-1;0;"unknown";"yes"
30;"management";"single";"tertiary";"no";2;"no";"no";"cellular";16;"jun";102;1;85;1;"failure";"no"
44;"management";"married";"tertiary";"no";1242;"yes";"no";"cellular";6;"aug";384;6;-1;0;"unknown";"no"
33;"student";"single";"unknown";"no";5969;"no";"no";"cellular";4;"sep";156;2;127;8;"failure";"no"
56;"admin.";"divorced";"secondary";"no";3337;"yes";"no";"telephone";17;"nov";99;3;-1;0;"unknown";"no"
26;"services";"single";"secondary";"no";1347;"no";"no";"telephone";18;"jun";280;6;92;5;"other";"yes"
52;"technician";"married";"secondary";"no";64;"no";"no";"telephone";29;"aug";20;2;-1;0;"unknown";"no"
32;"management";"single";"secondary";"no";249;"yes";"no";"unknown";2;"jun";258;1;-1;0;"unknown";"no"
36;"technician";"single";"secondary";"no";0;"no";"no";"cellular";29;"aug";85;6;-1;0;"unknown";"no"
26;"blue-collar";"married";"secondary";"no";128;"no";"no";"unknown";4;"jul";355;1;-1;0;"unknown";"no"
37;"blue-collar";"married";"secondary";"no";196;"yes";"no";"unknown";5;"jun";66;3;-1;0;"unknown";"no"
34;"technician";"married";"secondary";"no";351;"yes";"no";"cellular";18;"jul";467;1;-1;0;"unknown";"no"
26;"services";"single";"secondary";"no";5533;"yes";"no";"cellular";7;"may";582;2;283;4;"failure";"no"
32;"services";"married";"secondary";"no";38;"yes";"no";"cellular";15;"may";744;1;-1;0;"unknown";"yes"
30;"management";"single";"tertiary";"yes";35;"no";"no";"cellular";30;"jul";185;4;-1;0;"unknown";"no"
27;"technician";"single";"secondary";"no";235;"yes";"no";"cellular";12;"may";13;5;-1;0;"unknown";"no"
42;"admin.";"single";"secondary";"no";30;"yes";"no";"cellular";4;"feb";98;1;266;3;"failure";"no"
33;"blue-collar";"single";"primary";"no";92;"yes";"no";"unknown";9;"may";127;1;-1;0;"unknown";"no"
37;"blue-collar";"married";"secondary";"no";67;"no";"no";"unknown";3;"jun";45;2;-1;0;"unknown";"no"
45;"blue-collar";"married";"secondary";"no";4022;"yes";"no";"cellular";29;"jan";244;3;-1;0;"unknown";"no"
36;"entrepreneur";"married";"tertiary";"no";3057;"no";"no";"unknown";16;"jun";2769;4;-1;0;"unknown";"yes"
39;"management";"single";"tertiary";"no";0;"yes";"no";"cellular";12;"may";561;4;369;3;"failure";"no"
33;"management";"single";"tertiary";"no";349;"no";"no";"cellular";22;"aug";182;1;-1;0;"unknown";"no"
47;"services";"married";"secondary";"no";2322;"no";"no";"cellular";22;"aug";618;1;-1;0;"unknown";"no"
49;"entrepreneur";"married";"secondary";"no";167;"yes";"yes";"unknown";6;"may";198;3;-1;0;"unknown";"no"
46;"management";"divorced";"secondary";"no";558;"no";"no";"cellular";19;"aug";126;6;-1;0;"unknown";"no"
31;"services";"married";"secondary";"no";-230;"yes";"yes";"cellular";16;"jul";715;1;-1;0;"unknown";"no"
43;"unemployed";"divorced";"secondary";"no";4094;"yes";"no";"cellular";21;"nov";63;1;-1;0;"unknown";"no"
30;"blue-collar";"single";"secondary";"yes";239;"yes";"no";"unknown";21;"may";412;1;-1;0;"unknown";"yes"
43;"management";"divorced";"tertiary";"no";497;"no";"no";"cellular";13;"may";66;1;363;22;"failure";"no"
42;"blue-collar";"married";"secondary";"no";179;"yes";"no";"cellular";17;"nov";96;1;-1;0;"unknown";"no"
30;"admin.";"single";"tertiary";"no";305;"no";"no";"cellular";30;"apr";633;1;85;2;"success";"yes"
33;"management";"single";"tertiary";"no";-67;"yes";"no";"unknown";5;"may";364;1;-1;0;"unknown";"no"
41;"admin.";"married";"secondary";"no";4539;"no";"no";"unknown";30;"may";298;3;-1;0;"unknown";"no"
29;"blue-collar";"single";"secondary";"no";770;"yes";"no";"cellular";17;"apr";341;1;-1;0;"unknown";"no"
38;"unemployed";"married";"secondary";"no";-673;"yes";"no";"unknown";26;"may";364;1;-1;0;"unknown";"no"
29;"technician";"married";"tertiary";"no";858;"yes";"no";"cellular";12;"jun";234;7;330;1;"failure";"no"
80;"housemaid";"married";"primary";"no";0;"no";"no";"cellular";23;"feb";639;1;189;1;"failure";"yes"
38;"management";"single";"tertiary";"no";5244;"no";"no";"cellular";8;"aug";310;4;-1;0;"unknown";"no"
36;"blue-collar";"divorced";"primary";"no";117;"yes";"no";"unknown";2;"jun";123;4;-1;0;"unknown";"no"
38;"self-employed";"married";"tertiary";"no";846;"no";"no";"cellular";2;"jun";253;1;-1;0;"unknown";"no"
44;"management";"married";"secondary";"yes";0;"yes";"no";"cellular";11;"jul";96;2;-1;0;"unknown";"no"
31;"management";"married";"tertiary";"no";1331;"no";"no";"cellular";30;"apr";297;1;86;3;"success";"yes"
31;"services";"single";"secondary";"no";31;"yes";"yes";"unknown";26;"may";501;2;-1;0;"unknown";"no"
57;"admin.";"divorced";"primary";"no";179;"yes";"no";"cellular";15;"may";67;1;368;2;"failure";"no"
37;"blue-collar";"married";"primary";"no";543;"yes";"no";"unknown";21;"may";281;1;-1;0;"unknown";"no"
50;"blue-collar";"married";"secondary";"no";253;"yes";"yes";"cellular";5;"may";475;2;-1;0;"unknown";"no"
60;"retired";"married";"primary";"no";71188;"no";"no";"cellular";6;"oct";205;1;-1;0;"unknown";"no"
51;"management";"married";"tertiary";"no";5108;"yes";"no";"cellular";8;"oct";272;1;102;8;"other";"no"
48;"blue-collar";"married";"secondary";"no";1738;"yes";"no";"cellular";15;"apr";349;1;-1;0;"unknown";"no"
42;"blue-collar";"married";"primary";"no";-97;"yes";"no";"cellular";3;"feb";216;4;271;5;"failure";"no"
36;"blue-collar";"married";"secondary";"no";199;"yes";"no";"cellular";9;"jul";183;1;-1;0;"unknown";"no"
43;"management";"married";"tertiary";"no";489;"yes";"no";"cellular";8;"may";130;1;172;2;"other";"no"
31;"admin.";"married";"primary";"no";355;"yes";"yes";"unknown";4;"jun";61;6;-1;0;"unknown";"no"
49;"technician";"single";"secondary";"no";-97;"yes";"no";"unknown";6;"jun";92;2;-1;0;"unknown";"no"
35;"management";"divorced";"tertiary";"no";473;"no";"yes";"cellular";5;"aug";37;2;-1;0;"unknown";"no"
44;"entrepreneur";"married";"secondary";"no";6649;"yes";"no";"cellular";19;"nov";354;2;-1;0;"unknown";"no"
34;"self-employed";"married";"tertiary";"no";263;"no";"no";"cellular";4;"may";203;1;78;8;"other";"no"
46;"blue-collar";"married";"secondary";"no";781;"no";"no";"unknown";13;"may";152;1;-1;0;"unknown";"no"
49;"blue-collar";"married";"primary";"no";1032;"yes";"no";"unknown";2;"jun";41;5;-1;0;"unknown";"no"
32;"blue-collar";"married";"secondary";"no";119;"no";"no";"cellular";4;"may";20;5;-1;0;"unknown";"no"
35;"management";"divorced";"tertiary";"no";434;"yes";"no";"cellular";11;"may";277;1;271;2;"success";"no"
51;"admin.";"married";"secondary";"no";2967;"no";"no";"unknown";17;"jun";83;2;-1;0;"unknown";"no"
57;"retired";"divorced";"secondary";"no";-331;"yes";"no";"unknown";6;"may";531;1;-1;0;"unknown";"no"
59;"management";"married";"tertiary";"no";1585;"no";"no";"telephone";28;"aug";91;5;-1;0;"unknown";"no"
40;"services";"divorced";"unknown";"no";4384;"yes";"no";"unknown";5;"may";315;1;-1;0;"unknown";"no"
49;"management";"single";"tertiary";"no";588;"no";"no";"cellular";28;"aug";70;9;-1;0;"unknown";"no"
51;"management";"married";"secondary";"no";3180;"yes";"no";"cellular";9;"jul";384;1;-1;0;"unknown";"no"
35;"admin.";"married";"secondary";"yes";0;"no";"yes";"unknown";4;"jul";105;3;-1;0;"unknown";"no"
29;"self-employed";"married";"secondary";"no";-76;"yes";"no";"unknown";27;"may";305;2;-1;0;"unknown";"no"
32;"services";"single";"secondary";"no";152;"yes";"no";"cellular";25;"may";158;2;-1;0;"unknown";"yes"
37;"housemaid";"divorced";"secondary";"no";1040;"yes";"no";"cellular";13;"may";199;1;173;2;"failure";"no"
49;"unemployed";"married";"primary";"no";-384;"yes";"no";"unknown";27;"may";25;1;-1;0;"unknown";"no"
45;"technician";"married";"unknown";"no";473;"yes";"no";"unknown";27;"may";147;1;-1;0;"unknown";"no"
34;"technician";"single";"secondary";"no";475;"yes";"no";"cellular";29;"jul";538;8;-1;0;"unknown";"no"
53;"technician";"married";"secondary";"no";0;"no";"no";"cellular";22;"aug";77;9;-1;0;"unknown";"no"
42;"entrepreneur";"married";"primary";"no";149;"no";"no";"cellular";20;"aug";94;2;-1;0;"unknown";"no"
43;"technician";"married";"secondary";"no";3285;"yes";"no";"unknown";13;"may";1721;2;-1;0;"unknown";"yes"
52;"retired";"married";"secondary";"no";424;"no";"no";"cellular";19;"nov";143;1;154;3;"failure";"no"
34;"blue-collar";"single";"secondary";"no";79;"no";"yes";"cellular";20;"nov";104;1;-1;0;"unknown";"no"
34;"technician";"divorced";"tertiary";"no";674;"yes";"no";"cellular";7;"aug";587;2;-1;0;"unknown";"yes"
27;"services";"married";"secondary";"no";0;"yes";"no";"cellular";22;"jul";1608;13;-1;0;"unknown";"yes"
43;"unemployed";"married";"tertiary";"no";58;"yes";"no";"cellular";9;"feb";48;4;-1;0;"unknown";"no"
41;"technician";"married";"tertiary";"no";532;"yes";"no";"cellular";9;"jul";74;1;-1;0;"unknown";"no"
72;"retired";"married";"secondary";"no";4130;"no";"no";"cellular";12;"nov";427;1;-1;0;"unknown";"no"
35;"blue-collar";"married";"primary";"no";422;"yes";"no";"cellular";14;"may";73;1;-1;0;"unknown";"no"
41;"management";"married";"tertiary";"no";437;"yes";"no";"unknown";3;"jun";14;21;-1;0;"unknown";"no"
36;"blue-collar";"divorced";"primary";"no";-308;"yes";"no";"cellular";12;"may";725;1;-1;0;"unknown";"yes"
51;"housemaid";"married";"primary";"no";30;"yes";"no";"cellular";14;"jul";333;2;-1;0;"unknown";"no"
37;"self-employed";"married";"tertiary";"no";137;"no";"no";"cellular";13;"aug";244;6;-1;0;"unknown";"no"
42;"admin.";"single";"secondary";"no";-247;"yes";"yes";"telephone";21;"oct";519;1;166;1;"other";"yes"
26;"admin.";"single";"secondary";"no";321;"yes";"no";"cellular";22;"jul";242;7;-1;0;"unknown";"no"
23;"services";"single";"secondary";"no";250;"yes";"no";"cellular";18;"may";222;1;-1;0;"unknown";"no"
50;"management";"married";"tertiary";"no";-470;"yes";"no";"cellular";19;"nov";130;2;160;1;"failure";"no"
37;"blue-collar";"married";"secondary";"no";140;"yes";"yes";"cellular";7;"may";490;1;-1;0;"unknown";"no"
35;"management";"married";"tertiary";"no";2793;"no";"no";"cellular";20;"nov";258;2;-1;0;"unknown";"no"
37;"management";"married";"tertiary";"no";410;"no";"no";"cellular";29;"jan";337;2;-1;0;"unknown";"no"
79;"retired";"divorced";"unknown";"no";2628;"no";"no";"telephone";8;"jul";220;7;450;2;"failure";"no"
39;"technician";"married";"secondary";"no";116;"no";"no";"cellular";24;"aug";79;2;94;2;"success";"no"
47;"services";"married";"secondary";"no";0;"yes";"no";"telephone";9;"jul";250;1;-1;0;"unknown";"no"
44;"blue-collar";"married";"secondary";"no";878;"yes";"no";"cellular";2;"jun";130;1;-1;0;"unknown";"no"
36;"management";"single";"tertiary";"no";2944;"no";"no";"cellular";18;"aug";882;8;-1;0;"unknown";"yes"
33;"blue-collar";"single";"secondary";"no";3975;"yes";"yes";"cellular";17;"apr";515;1;150;1;"other";"no"
42;"services";"married";"secondary";"no";96;"yes";"no";"cellular";5;"may";238;3;340;2;"failure";"no"
35;"technician";"single";"tertiary";"no";2288;"no";"no";"telephone";28;"may";32;2;-1;0;"unknown";"no"
31;"blue-collar";"married";"secondary";"no";472;"yes";"no";"unknown";13;"may";907;2;-1;0;"unknown";"no"
58;"services";"married";"primary";"no";65;"no";"no";"unknown";27;"jun";162;1;-1;0;"unknown";"no"
46;"management";"married";"tertiary";"no";0;"no";"no";"unknown";7;"may";70;2;-1;0;"unknown";"no"
41;"admin.";"single";"secondary";"no";400;"yes";"no";"unknown";4;"jun";99;6;-1;0;"unknown";"no"
58;"technician";"married";"secondary";"no";7495;"yes";"no";"unknown";13;"may";325;1;-1;0;"unknown";"no"
33;"blue-collar";"married";"secondary";"no";137;"no";"yes";"cellular";18;"jul";305;12;-1;0;"unknown";"no"
31;"unemployed";"married";"secondary";"no";24;"yes";"no";"cellular";19;"nov";631;1;-1;0;"unknown";"no"
55;"technician";"divorced";"secondary";"no";3450;"no";"no";"cellular";10;"feb";169;1;183;1;"failure";"yes"
38;"technician";"single";"secondary";"no";311;"yes";"no";"cellular";28;"may";61;2;-1;0;"unknown";"no"
55;"housemaid";"married";"secondary";"no";139;"no";"no";"cellular";22;"aug";256;2;-1;0;"unknown";"no"
47;"management";"single";"tertiary";"no";0;"no";"no";"unknown";11;"jun";58;3;-1;0;"unknown";"no"
51;"housemaid";"married";"primary";"no";492;"yes";"no";"unknown";20;"may";142;3;-1;0;"unknown";"no"
46;"management";"single";"tertiary";"no";334;"yes";"no";"telephone";4;"may";36;6;90;2;"other";"no"
61;"management";"married";"tertiary";"no";997;"no";"no";"cellular";10;"mar";106;1;-1;0;"unknown";"yes"
47;"management";"single";"tertiary";"no";440;"no";"no";"cellular";21;"aug";71;4;-1;0;"unknown";"no"
34;"technician";"married";"secondary";"no";47;"no";"no";"cellular";25;"aug";132;6;-1;0;"unknown";"no"
34;"blue-collar";"married";"secondary";"no";1298;"yes";"no";"unknown";20;"may";120;1;-1;0;"unknown";"no"
41;"management";"divorced";"tertiary";"no";3355;"no";"no";"cellular";14;"oct";181;2;500;1;"failure";"no"
36;"blue-collar";"divorced";"secondary";"no";-11;"no";"no";"unknown";5;"jun";152;2;-1;0;"unknown";"no"
26;"blue-collar";"single";"secondary";"no";396;"yes";"no";"unknown";28;"may";302;1;-1;0;"unknown";"no"
35;"management";"married";"tertiary";"no";8;"no";"no";"cellular";23;"apr";93;3;-1;0;"unknown";"yes"
36;"blue-collar";"married";"secondary";"no";1409;"no";"no";"unknown";17;"jun";235;2;-1;0;"unknown";"no"
26;"management";"single";"tertiary";"no";170;"no";"no";"cellular";15;"jun";129;1;-1;0;"unknown";"yes"
58;"management";"married";"primary";"no";2769;"yes";"no";"cellular";11;"jul";94;2;-1;0;"unknown";"no"
50;"blue-collar";"married";"secondary";"no";2320;"yes";"no";"cellular";7;"apr";310;1;-1;0;"unknown";"no"
61;"retired";"married";"secondary";"no";76;"yes";"no";"cellular";15;"jul";195;7;-1;0;"unknown";"no"
28;"technician";"single";"secondary";"no";2034;"yes";"no";"unknown";21;"may";196;1;-1;0;"unknown";"no"
49;"blue-collar";"single";"primary";"no";3018;"yes";"no";"unknown";15;"may";93;1;-1;0;"unknown";"no"
74;"retired";"married";"secondary";"no";921;"no";"no";"telephone";17;"apr";394;2;-1;0;"unknown";"yes"
53;"blue-collar";"married";"secondary";"no";483;"yes";"no";"cellular";3;"feb";288;3;-1;0;"unknown";"no"
46;"self-employed";"married";"secondary";"no";390;"yes";"no";"cellular";31;"jul";208;2;-1;0;"unknown";"no"
47;"management";"married";"tertiary";"no";0;"no";"no";"cellular";27;"oct";508;1;-1;0;"unknown";"yes"
42;"blue-collar";"single";"primary";"no";92;"no";"no";"cellular";30;"jul";86;2;-1;0;"unknown";"no"
56;"services";"married";"secondary";"no";22196;"yes";"no";"cellular";21;"nov";189;1;-1;0;"unknown";"no"
42;"technician";"married";"secondary";"no";2;"no";"no";"unknown";29;"may";249;2;-1;0;"unknown";"no"
49;"housemaid";"married";"primary";"no";249;"yes";"no";"cellular";21;"nov";450;1;-1;0;"unknown";"no"
43;"unemployed";"single";"unknown";"no";3274;"yes";"no";"cellular";22;"may";680;1;95;1;"failure";"no"
39;"services";"married";"secondary";"no";5731;"yes";"no";"unknown";20;"may";175;2;-1;0;"unknown";"no"
66;"retired";"married";"primary";"no";206;"no";"no";"cellular";9;"feb";479;1;-1;0;"unknown";"yes"
30;"technician";"single";"tertiary";"no";2325;"no";"no";"cellular";5;"apr";270;3;241;4;"other";"no"
38;"management";"single";"tertiary";"no";0;"no";"no";"cellular";24;"jul";164;1;-1;0;"unknown";"no"
31;"blue-collar";"married";"secondary";"no";1664;"yes";"no";"cellular";20;"apr";158;1;182;1;"success";"no"
32;"technician";"married";"secondary";"no";3333;"no";"no";"cellular";8;"aug";50;4;-1;0;"unknown";"no"
48;"technician";"married";"secondary";"no";7020;"no";"no";"cellular";6;"aug";80;2;-1;0;"unknown";"no"
34;"admin.";"married";"tertiary";"no";37;"no";"no";"cellular";6;"feb";45;1;-1;0;"unknown";"no"
28;"student";"single";"secondary";"no";28;"no";"no";"cellular";29;"jan";220;2;-1;0;"unknown";"no"
40;"admin.";"single";"secondary";"no";1670;"yes";"no";"unknown";18;"jun";161;2;-1;0;"unknown";"no"
36;"entrepreneur";"married";"secondary";"no";134;"no";"no";"unknown";20;"may";98;1;-1;0;"unknown";"no"
52;"retired";"married";"secondary";"no";603;"no";"yes";"unknown";9;"jun";79;1;-1;0;"unknown";"no"
46;"admin.";"married";"primary";"no";276;"yes";"yes";"unknown";6;"may";157;2;-1;0;"unknown";"no"
25;"technician";"single";"secondary";"no";2157;"yes";"no";"cellular";21;"jul";339;1;-1;0;"unknown";"no"
52;"blue-collar";"married";"secondary";"no";161;"yes";"no";"unknown";13;"may";274;2;-1;0;"unknown";"no"
40;"blue-collar";"married";"primary";"no";3658;"yes";"no";"unknown";14;"may";977;1;-1;0;"unknown";"no"
26;"management";"divorced";"tertiary";"yes";-402;"no";"yes";"unknown";12;"may";127;2;-1;0;"unknown";"no"
26;"blue-collar";"single";"primary";"no";3342;"yes";"no";"unknown";4;"jun";329;4;-1;0;"unknown";"no"
35;"self-employed";"single";"secondary";"no";1732;"no";"no";"telephone";21;"nov";1441;3;-1;0;"unknown";"no"
40;"admin.";"single";"secondary";"no";263;"yes";"no";"unknown";6;"may";231;1;-1;0;"unknown";"no"
31;"management";"married";"tertiary";"no";623;"yes";"no";"cellular";13;"may";96;2;349;5;"failure";"no"
32;"admin.";"married";"secondary";"no";3540;"yes";"no";"cellular";18;"may";213;1;178;1;"failure";"no"
33;"admin.";"married";"secondary";"no";95;"yes";"no";"cellular";30;"apr";335;1;-1;0;"unknown";"yes"
53;"services";"divorced";"secondary";"no";765;"yes";"no";"cellular";14;"may";959;3;174;7;"other";"yes"
46;"technician";"divorced";"secondary";"no";-824;"yes";"no";"cellular";7;"aug";429;3;-1;0;"unknown";"yes"
28;"management";"single";"tertiary";"no";5549;"no";"no";"cellular";28;"jul";383;6;-1;0;"unknown";"no"
31;"blue-collar";"married";"secondary";"no";191;"yes";"no";"unknown";2;"jun";40;1;-1;0;"unknown";"no"
44;"blue-collar";"married";"primary";"no";420;"yes";"no";"unknown";7;"may";110;2;-1;0;"unknown";"no"
35;"admin.";"married";"secondary";"no";0;"no";"no";"unknown";7;"may";326;1;-1;0;"unknown";"no"
50;"technician";"divorced";"unknown";"no";2706;"yes";"no";"unknown";28;"may";179;3;-1;0;"unknown";"no"
32;"technician";"married";"secondary";"yes";4;"yes";"yes";"cellular";25;"aug";132;8;-1;0;"unknown";"no"
51;"admin.";"married";"secondary";"no";423;"yes";"yes";"cellular";16;"oct";95;1;-1;0;"unknown";"no"
51;"management";"married";"tertiary";"no";-892;"yes";"yes";"cellular";14;"aug";248;2;-1;0;"unknown";"no"
31;"blue-collar";"married";"unknown";"no";-120;"yes";"no";"cellular";3;"feb";100;3;201;2;"failure";"no"
41;"admin.";"divorced";"secondary";"no";-365;"yes";"no";"unknown";28;"may";226;10;-1;0;"unknown";"no"
57;"technician";"married";"tertiary";"no";27069;"no";"yes";"unknown";20;"jun";174;3;-1;0;"unknown";"no"
34;"management";"single";"tertiary";"no";8038;"yes";"no";"cellular";20;"apr";29;3;152;1;"failure";"no"
47;"technician";"married";"secondary";"no";-938;"yes";"no";"unknown";28;"may";176;2;-1;0;"unknown";"no"
47;"admin.";"divorced";"secondary";"no";1139;"yes";"no";"cellular";11;"jul";106;2;-1;0;"unknown";"no"
36;"self-employed";"married";"secondary";"no";189;"yes";"no";"cellular";19;"nov";136;1;120;1;"failure";"no"
29;"housemaid";"single";"tertiary";"no";19;"no";"no";"cellular";5;"feb";110;2;64;2;"success";"yes"
39;"technician";"married";"secondary";"no";3663;"no";"no";"cellular";11;"aug";230;3;-1;0;"unknown";"no"
53;"blue-collar";"single";"unknown";"no";0;"no";"no";"unknown";12;"may";140;7;-1;0;"unknown";"no"
47;"blue-collar";"married";"secondary";"yes";-614;"yes";"no";"unknown";26;"may";118;2;-1;0;"unknown";"no"
51;"technician";"divorced";"secondary";"no";2323;"yes";"yes";"cellular";18;"aug";151;10;-1;0;"unknown";"no"
48;"blue-collar";"married";"secondary";"no";425;"yes";"no";"telephone";9;"jul";693;2;-1;0;"unknown";"no"
32;"technician";"married";"secondary";"no";5122;"no";"no";"cellular";13;"aug";31;1;-1;0;"unknown";"no"
36;"management";"divorced";"tertiary";"no";608;"no";"no";"cellular";26;"aug";125;2;-1;0;"unknown";"no"
50;"unknown";"married";"primary";"no";341;"yes";"yes";"cellular";20;"apr";670;4;340;2;"success";"yes"
39;"admin.";"married";"secondary";"no";607;"yes";"no";"cellular";12;"may";454;2;364;3;"failure";"yes"
31;"blue-collar";"married";"secondary";"no";1495;"yes";"yes";"unknown";23;"may";159;3;-1;0;"unknown";"no"
49;"admin.";"married";"secondary";"no";381;"no";"no";"cellular";5;"aug";504;2;-1;0;"unknown";"no"
33;"unemployed";"divorced";"secondary";"no";385;"no";"no";"telephone";27;"aug";29;28;-1;0;"unknown";"no"
26;"management";"single";"tertiary";"no";1274;"yes";"no";"cellular";1;"jun";190;1;84;1;"failure";"no"
27;"blue-collar";"married";"secondary";"no";362;"yes";"no";"unknown";14;"may";332;2;-1;0;"unknown";"no"
51;"blue-collar";"married";"primary";"no";377;"yes";"no";"telephone";3;"feb";143;4;272;1;"failure";"no"
26;"admin.";"single";"secondary";"no";802;"no";"no";"cellular";30;"jan";77;1;2;2;"other";"no"
45;"admin.";"married";"secondary";"no";194;"no";"no";"cellular";31;"jul";517;4;-1;0;"unknown";"no"
54;"technician";"married";"secondary";"no";-315;"no";"yes";"cellular";10;"jul";2029;1;-1;0;"unknown";"yes"
49;"technician";"married";"tertiary";"no";1843;"yes";"no";"cellular";25;"may";269;1;-1;0;"unknown";"no"
47;"technician";"married";"secondary";"no";-9;"no";"no";"cellular";14;"aug";457;2;-1;0;"unknown";"no"
42;"housemaid";"married";"primary";"no";83;"no";"yes";"cellular";7;"aug";184;1;-1;0;"unknown";"no"
50;"entrepreneur";"married";"tertiary";"no";433;"yes";"no";"cellular";18;"may";47;4;-1;0;"unknown";"no"
37;"admin.";"married";"secondary";"no";-107;"yes";"no";"unknown";28;"may";158;2;-1;0;"unknown";"no"
54;"blue-collar";"married";"primary";"no";4503;"no";"no";"telephone";21;"nov";168;3;-1;0;"unknown";"no"
40;"services";"married";"secondary";"no";51;"yes";"no";"cellular";11;"may";50;1;-1;0;"unknown";"no"
50;"services";"married";"secondary";"no";961;"no";"yes";"cellular";14;"aug";757;4;-1;0;"unknown";"no"
57;"retired";"married";"secondary";"no";49;"yes";"yes";"cellular";25;"aug";93;4;-1;0;"unknown";"no"
33;"technician";"married";"secondary";"no";3470;"no";"no";"cellular";11;"aug";285;2;-1;0;"unknown";"no"
49;"technician";"married";"secondary";"no";-147;"yes";"no";"cellular";20;"apr";390;1;-1;0;"unknown";"no"
35;"services";"married";"secondary";"no";0;"yes";"no";"cellular";18;"may";146;2;-1;0;"unknown";"no"
28;"blue-collar";"single";"secondary";"no";0;"yes";"no";"unknown";28;"may";386;1;-1;0;"unknown";"no"
58;"management";"married";"tertiary";"no";172;"no";"no";"cellular";19;"aug";145;7;-1;0;"unknown";"no"
31;"admin.";"single";"secondary";"no";-407;"no";"yes";"cellular";7;"jul";230;1;-1;0;"unknown";"no"
36;"management";"divorced";"tertiary";"no";649;"no";"no";"cellular";16;"jul";237;2;91;1;"failure";"no"
49;"blue-collar";"single";"primary";"no";1040;"no";"no";"cellular";8;"jul";474;2;-1;0;"unknown";"no"
30;"unemployed";"married";"secondary";"no";142;"yes";"no";"unknown";20;"may";350;4;-1;0;"unknown";"no"
29;"services";"single";"secondary";"no";209;"yes";"no";"cellular";28;"jul";487;7;-1;0;"unknown";"no"
50;"management";"married";"unknown";"no";3304;"no";"no";"unknown";5;"jun";1009;2;-1;0;"unknown";"no"
26;"student";"single";"tertiary";"no";294;"no";"no";"cellular";5;"mar";87;1;91;2;"success";"yes"
27;"housemaid";"married";"secondary";"no";4848;"yes";"yes";"telephone";23;"jul";82;3;-1;0;"unknown";"no"
32;"blue-collar";"single";"secondary";"no";1670;"yes";"no";"cellular";18;"may";183;1;-1;0;"unknown";"no"
62;"unknown";"married";"secondary";"no";367;"no";"no";"telephone";2;"mar";139;5;-1;0;"unknown";"no"
34;"blue-collar";"single";"secondary";"no";13683;"yes";"no";"unknown";3;"jun";115;3;-1;0;"unknown";"no"
25;"admin.";"single";"tertiary";"no";1420;"no";"no";"cellular";8;"apr";124;2;-1;0;"unknown";"no"
34;"management";"single";"tertiary";"no";340;"yes";"no";"unknown";3;"jun";633;28;-1;0;"unknown";"no"
44;"technician";"single";"secondary";"no";1679;"no";"no";"telephone";20;"oct";718;1;-1;0;"unknown";"yes"
38;"management";"married";"tertiary";"no";1198;"yes";"no";"cellular";2;"feb";63;1;-1;0;"unknown";"no"
57;"admin.";"married";"secondary";"no";169;"no";"no";"cellular";14;"aug";180;1;106;2;"failure";"no"
36;"self-employed";"married";"tertiary";"no";506;"no";"no";"cellular";25;"aug";47;1;120;1;"failure";"no"
41;"entrepreneur";"married";"secondary";"no";1249;"yes";"no";"cellular";9;"jul";391;1;-1;0;"unknown";"no"
36;"management";"single";"tertiary";"no";678;"no";"yes";"unknown";4;"jul";85;3;-1;0;"unknown";"no"
27;"management";"single";"tertiary";"no";212;"yes";"no";"cellular";15;"may";373;1;-1;0;"unknown";"no"
37;"technician";"divorced";"secondary";"no";23;"no";"no";"cellular";20;"aug";289;2;-1;0;"unknown";"no"
47;"management";"single";"tertiary";"no";4402;"no";"no";"telephone";10;"dec";805;1;190;1;"other";"yes"
31;"services";"divorced";"primary";"no";459;"yes";"no";"cellular";7;"may";623;1;293;1;"success";"yes"
39;"self-employed";"married";"secondary";"no";4722;"yes";"no";"unknown";17;"jun";483;1;-1;0;"unknown";"no"
35;"admin.";"divorced";"tertiary";"no";1555;"yes";"no";"unknown";9;"may";26;2;-1;0;"unknown";"no"
40;"blue-collar";"married";"secondary";"no";61;"yes";"no";"unknown";7;"may";112;3;-1;0;"unknown";"no"
38;"management";"single";"tertiary";"no";0;"yes";"no";"cellular";17;"nov";213;2;-1;0;"unknown";"no"
31;"technician";"married";"secondary";"no";3706;"yes";"no";"cellular";20;"nov";129;1;-1;0;"unknown";"no"
36;"blue-collar";"married";"primary";"no";1177;"no";"no";"cellular";15;"apr";330;1;311;4;"success";"yes"
53;"management";"married";"primary";"no";2096;"no";"no";"unknown";9;"jun";104;1;-1;0;"unknown";"no"
59;"blue-collar";"married";"primary";"no";748;"no";"no";"unknown";29;"may";184;1;-1;0;"unknown";"no"
29;"management";"single";"tertiary";"no";3357;"no";"no";"cellular";21;"jul";120;3;-1;0;"unknown";"no"
30;"admin.";"single";"secondary";"no";3809;"yes";"no";"unknown";3;"jun";159;4;-1;0;"unknown";"no"
52;"admin.";"married";"secondary";"no";395;"yes";"no";"unknown";15;"may";391;3;-1;0;"unknown";"no"
55;"blue-collar";"married";"secondary";"no";1011;"yes";"no";"cellular";12;"aug";112;2;-1;0;"unknown";"no"
56;"blue-collar";"married";"primary";"no";420;"yes";"no";"unknown";9;"may";76;1;-1;0;"unknown";"no"
32;"admin.";"married";"secondary";"no";76;"yes";"no";"unknown";21;"may";189;2;-1;0;"unknown";"no"
24;"blue-collar";"married";"secondary";"no";0;"no";"no";"unknown";28;"may";94;1;-1;0;"unknown";"no"
51;"blue-collar";"married";"primary";"no";844;"yes";"no";"unknown";29;"may";184;3;-1;0;"unknown";"no"
36;"management";"married";"tertiary";"no";1318;"yes";"no";"cellular";7;"aug";100;2;-1;0;"unknown";"no"
36;"technician";"married";"tertiary";"no";167;"yes";"no";"cellular";28;"jan";57;1;-1;0;"unknown";"no"
42;"management";"married";"tertiary";"no";2187;"yes";"no";"cellular";17;"nov";525;3;-1;0;"unknown";"yes"
49;"admin.";"married";"secondary";"no";14440;"yes";"no";"cellular";21;"nov";60;1;-1;0;"unknown";"no"
48;"management";"married";"secondary";"no";2294;"yes";"no";"unknown";26;"may";251;11;-1;0;"unknown";"no"
36;"management";"married";"secondary";"no";80;"yes";"no";"unknown";30;"may";251;3;-1;0;"unknown";"no"
48;"management";"married";"primary";"no";2537;"no";"no";"cellular";26;"aug";219;6;-1;0;"unknown";"no"
30;"technician";"married";"tertiary";"no";569;"no";"no";"cellular";27;"aug";976;12;-1;0;"unknown";"yes"
27;"management";"single";"tertiary";"yes";0;"no";"yes";"cellular";8;"jul";46;1;-1;0;"unknown";"no"
38;"entrepreneur";"married";"tertiary";"no";0;"yes";"no";"cellular";18;"nov";185;3;-1;0;"unknown";"no"
36;"technician";"single";"secondary";"yes";12;"no";"no";"cellular";12;"aug";587;2;-1;0;"unknown";"yes"
45;"technician";"married";"secondary";"no";49;"no";"no";"cellular";29;"jul";65;2;-1;0;"unknown";"no"
44;"housemaid";"married";"tertiary";"no";460;"no";"no";"unknown";17;"jun";491;1;-1;0;"unknown";"no"
42;"technician";"married";"secondary";"no";613;"yes";"no";"cellular";11;"may";432;2;-1;0;"unknown";"no"
37;"entrepreneur";"married";"tertiary";"no";7944;"no";"no";"cellular";21;"nov";102;1;-1;0;"unknown";"no"
48;"blue-collar";"married";"secondary";"no";1143;"yes";"no";"cellular";17;"apr";264;1;317;1;"failure";"no"
57;"retired";"married";"primary";"no";-464;"yes";"no";"cellular";4;"feb";75;1;190;6;"failure";"no"
44;"services";"married";"secondary";"no";1989;"yes";"yes";"cellular";20;"apr";106;2;-1;0;"unknown";"no"
48;"technician";"married";"secondary";"no";17;"yes";"yes";"cellular";17;"nov";81;1;-1;0;"unknown";"no"
56;"retired";"married";"primary";"no";-1;"no";"no";"cellular";27;"aug";89;23;-1;0;"unknown";"no"
37;"management";"married";"tertiary";"no";1698;"yes";"no";"unknown";6;"jun";95;2;-1;0;"unknown";"no"
47;"blue-collar";"married";"secondary";"no";5306;"yes";"no";"unknown";15;"may";322;1;-1;0;"unknown";"no"
54;"housemaid";"married";"unknown";"no";0;"no";"no";"cellular";14;"apr";94;5;145;3;"other";"no"
51;"retired";"divorced";"secondary";"no";1679;"no";"no";"cellular";12;"aug";417;1;365;9;"other";"yes"
47;"admin.";"married";"secondary";"no";3676;"no";"no";"cellular";18;"oct";567;1;95;3;"success";"yes"
25;"management";"married";"tertiary";"no";-242;"yes";"yes";"cellular";18;"may";600;4;332;4;"other";"yes"
39;"services";"single";"secondary";"no";471;"no";"no";"unknown";15;"oct";5;1;-1;0;"unknown";"no"
40;"management";"married";"tertiary";"no";8902;"yes";"no";"cellular";14;"aug";464;5;-1;0;"unknown";"no"
38;"management";"single";"tertiary";"no";1704;"no";"no";"cellular";1;"sep";222;1;-1;0;"unknown";"no"
34;"management";"married";"tertiary";"no";3050;"yes";"no";"cellular";13;"may";469;1;-1;0;"unknown";"yes"
53;"housemaid";"married";"primary";"no";2581;"no";"no";"cellular";15;"apr";99;1;-1;0;"unknown";"no"
32;"services";"married";"secondary";"no";162;"yes";"no";"unknown";14;"may";297;2;-1;0;"unknown";"no"
35;"blue-collar";"married";"secondary";"no";243;"yes";"no";"cellular";20;"apr";41;3;-1;0;"unknown";"no"
24;"student";"single";"secondary";"no";1847;"no";"no";"cellular";9;"dec";390;1;-1;0;"unknown";"no"
58;"blue-collar";"married";"primary";"no";0;"yes";"no";"unknown";29;"may";535;2;-1;0;"unknown";"no"
49;"management";"married";"primary";"no";3371;"no";"no";"cellular";11;"nov";269;2;-1;0;"unknown";"yes"
45;"services";"single";"secondary";"no";1757;"yes";"no";"cellular";20;"apr";1010;3;326;1;"other";"no"
55;"management";"married";"tertiary";"no";171;"yes";"no";"cellular";8;"aug";73;6;-1;0;"unknown";"no"
42;"entrepreneur";"married";"tertiary";"no";157;"yes";"yes";"unknown";7;"may";650;1;-1;0;"unknown";"no"
28;"admin.";"married";"secondary";"no";934;"yes";"no";"unknown";4;"jul";53;2;-1;0;"unknown";"no"
48;"blue-collar";"married";"secondary";"no";-19;"no";"yes";"unknown";4;"jul";270;1;-1;0;"unknown";"no"
51;"management";"single";"tertiary";"yes";-55;"yes";"no";"cellular";18;"aug";119;6;-1;0;"unknown";"no"
38;"housemaid";"married";"primary";"no";21;"no";"no";"cellular";26;"aug";634;2;-1;0;"unknown";"no"
27;"blue-collar";"single";"secondary";"no";14;"no";"no";"unknown";14;"may";72;2;-1;0;"unknown";"no"
50;"technician";"single";"secondary";"no";246;"yes";"no";"cellular";17;"nov";270;1;123;2;"failure";"no"
44;"blue-collar";"married";"primary";"no";887;"yes";"no";"cellular";12;"may";165;2;363;1;"failure";"no"
40;"management";"married";"tertiary";"no";51;"no";"no";"cellular";19;"aug";164;2;-1;0;"unknown";"no"
29;"services";"single";"secondary";"no";-287;"yes";"no";"cellular";18;"may";196;1;-1;0;"unknown";"no"
34;"services";"married";"secondary";"no";0;"yes";"no";"cellular";14;"jul";78;4;-1;0;"unknown";"no"
44;"self-employed";"single";"tertiary";"no";2734;"yes";"no";"cellular";12;"may";897;4;-1;0;"unknown";"yes"
50;"entrepreneur";"married";"tertiary";"no";52;"no";"no";"cellular";31;"jul";22;8;-1;0;"unknown";"no"
34;"management";"married";"tertiary";"no";2594;"yes";"no";"cellular";21;"nov";161;3;-1;0;"unknown";"no"
54;"retired";"divorced";"primary";"no";22;"no";"no";"unknown";20;"jun";23;4;-1;0;"unknown";"no"
34;"technician";"married";"tertiary";"no";1611;"yes";"no";"cellular";11;"may";490;2;-1;0;"unknown";"no"
34;"admin.";"single";"tertiary";"no";18;"yes";"yes";"cellular";30;"apr";359;1;-1;0;"unknown";"yes"
52;"blue-collar";"married";"primary";"no";1331;"yes";"no";"cellular";29;"jul";213;2;-1;0;"unknown";"no"
60;"unknown";"married";"unknown";"no";7337;"no";"no";"cellular";4;"aug";122;1;-1;0;"unknown";"no"
39;"management";"single";"secondary";"no";835;"yes";"no";"unknown";29;"may";587;4;-1;0;"unknown";"no"
58;"retired";"married";"primary";"no";5092;"no";"no";"unknown";11;"jun";199;6;-1;0;"unknown";"no"
41;"technician";"divorced";"secondary";"no";52;"no";"no";"cellular";20;"aug";261;2;-1;0;"unknown";"no"
48;"technician";"married";"secondary";"no";10655;"no";"no";"telephone";31;"jul";5;3;-1;0;"unknown";"no"
58;"management";"married";"tertiary";"no";1831;"no";"no";"cellular";17;"nov";1531;1;-1;0;"unknown";"no"
40;"self-employed";"married";"primary";"no";92;"yes";"no";"unknown";13;"may";92;1;-1;0;"unknown";"no"
48;"management";"married";"tertiary";"no";586;"yes";"yes";"cellular";6;"may";179;2;-1;0;"unknown";"no"
52;"blue-collar";"divorced";"primary";"no";1758;"yes";"no";"unknown";15;"may";41;1;-1;0;"unknown";"no"
50;"self-employed";"married";"secondary";"no";2061;"yes";"yes";"cellular";29;"jan";197;2;244;3;"failure";"no"
25;"technician";"single";"secondary";"no";959;"no";"no";"cellular";9;"jul";144;5;-1;0;"unknown";"no"
54;"retired";"married";"primary";"no";208;"no";"no";"unknown";12;"may";255;1;-1;0;"unknown";"no"
34;"services";"married";"secondary";"no";-315;"yes";"no";"unknown";8;"may";56;2;-1;0;"unknown";"no"
48;"management";"married";"tertiary";"yes";-13;"yes";"no";"cellular";15;"may";20;6;291;2;"other";"no"
37;"admin.";"married";"tertiary";"no";801;"no";"no";"cellular";11;"aug";331;7;-1;0;"unknown";"no"
66;"retired";"married";"tertiary";"no";1948;"no";"no";"cellular";28;"jan";216;1;91;4;"success";"yes"
32;"management";"single";"tertiary";"no";751;"yes";"no";"unknown";8;"may";64;1;-1;0;"unknown";"no"
45;"blue-collar";"married";"secondary";"no";784;"yes";"yes";"unknown";3;"jun";34;1;-1;0;"unknown";"no"
43;"blue-collar";"single";"secondary";"no";24;"no";"no";"cellular";12;"may";68;1;363;1;"failure";"no"
41;"management";"married";"tertiary";"no";72;"yes";"no";"unknown";7;"may";764;3;-1;0;"unknown";"no"
40;"technician";"divorced";"tertiary";"no";1871;"yes";"no";"cellular";17;"nov";64;1;-1;0;"unknown";"no"
44;"services";"single";"secondary";"no";1378;"yes";"no";"unknown";8;"may";257;2;-1;0;"unknown";"no"
43;"blue-collar";"married";"primary";"no";188;"yes";"no";"cellular";12;"may";58;3;347;5;"failure";"no"
30;"unknown";"single";"tertiary";"no";6836;"no";"no";"cellular";27;"feb";30;3;-1;0;"unknown";"no"
32;"services";"married";"secondary";"no";61;"yes";"no";"cellular";8;"jul";529;5;-1;0;"unknown";"no"
57;"admin.";"married";"secondary";"no";-967;"yes";"no";"telephone";15;"may";8;7;-1;0;"unknown";"no"
31;"blue-collar";"single";"tertiary";"no";462;"yes";"yes";"unknown";19;"may";147;1;-1;0;"unknown";"no"
49;"unknown";"married";"secondary";"no";0;"no";"no";"cellular";28;"aug";173;2;-1;0;"unknown";"no"
31;"admin.";"single";"secondary";"no";5527;"yes";"no";"unknown";21;"may";132;1;-1;0;"unknown";"no"
41;"admin.";"married";"tertiary";"no";1287;"no";"no";"unknown";16;"jun";286;1;-1;0;"unknown";"no"
44;"management";"married";"tertiary";"no";17361;"no";"no";"unknown";18;"jun";476;1;-1;0;"unknown";"no"
54;"entrepreneur";"married";"unknown";"no";1956;"no";"no";"cellular";19;"nov";221;5;-1;0;"unknown";"no"
37;"blue-collar";"divorced";"secondary";"no";0;"yes";"no";"cellular";21;"apr";146;4;-1;0;"unknown";"yes"
34;"management";"married";"secondary";"no";-294;"yes";"no";"unknown";27;"may";532;2;-1;0;"unknown";"no"
43;"technician";"married";"secondary";"no";275;"no";"no";"cellular";25;"aug";69;6;-1;0;"unknown";"no"
44;"management";"married";"tertiary";"no";724;"yes";"no";"cellular";17;"nov";157;2;172;1;"failure";"no"
44;"services";"married";"secondary";"no";27;"no";"no";"cellular";25;"may";485;1;-1;0;"unknown";"no"
53;"admin.";"divorced";"secondary";"no";26;"yes";"no";"cellular";7;"may";56;1;359;1;"failure";"no"
36;"technician";"married";"secondary";"no";191;"no";"no";"cellular";31;"aug";69;1;-1;0;"unknown";"no"
58;"technician";"divorced";"secondary";"no";-123;"no";"no";"cellular";5;"aug";131;2;-1;0;"unknown";"no"
26;"student";"single";"secondary";"no";-147;"no";"no";"unknown";4;"jun";95;2;-1;0;"unknown";"no"
34;"technician";"single";"secondary";"no";179;"no";"no";"cellular";19;"aug";294;3;-1;0;"unknown";"no"
55;"blue-collar";"married";"primary";"no";1086;"yes";"no";"cellular";6;"may";146;1;272;2;"failure";"no"
55;"blue-collar";"married";"secondary";"no";471;"yes";"no";"unknown";30;"may";58;2;-1;0;"unknown";"no"
34;"entrepreneur";"married";"tertiary";"no";105;"yes";"no";"unknown";28;"may";249;2;-1;0;"unknown";"no"
41;"entrepreneur";"divorced";"secondary";"no";1588;"yes";"yes";"unknown";20;"jun";10;8;-1;0;"unknown";"no"
38;"housemaid";"divorced";"secondary";"no";70;"no";"no";"cellular";27;"oct";255;3;148;1;"success";"yes"
28;"blue-collar";"single";"secondary";"no";2700;"no";"no";"cellular";3;"feb";337;4;-1;0;"unknown";"no"
41;"technician";"married";"secondary";"no";1602;"yes";"no";"cellular";2;"jun";142;1;-1;0;"unknown";"no"
30;"admin.";"married";"tertiary";"no";0;"yes";"no";"cellular";24;"jul";209;2;-1;0;"unknown";"no"
39;"technician";"married";"unknown";"no";839;"no";"no";"unknown";30;"may";825;2;-1;0;"unknown";"no"
41;"admin.";"married";"secondary";"no";21515;"yes";"no";"unknown";5;"jun";87;1;-1;0;"unknown";"no"
36;"technician";"married";"secondary";"no";5902;"yes";"no";"unknown";23;"may";219;4;-1;0;"unknown";"no"
37;"management";"married";"tertiary";"no";547;"yes";"yes";"unknown";21;"may";143;1;-1;0;"unknown";"no"
59;"self-employed";"married";"tertiary";"no";3800;"no";"yes";"cellular";9;"jul";70;1;-1;0;"unknown";"no"
26;"technician";"single";"secondary";"no";261;"yes";"no";"unknown";27;"may";371;2;-1;0;"unknown";"no"
43;"technician";"married";"secondary";"no";0;"yes";"yes";"cellular";4;"feb";539;8;204;5;"failure";"no"
42;"management";"married";"secondary";"yes";-34;"no";"no";"cellular";5;"feb";176;1;-1;0;"unknown";"no"
46;"blue-collar";"married";"unknown";"no";9328;"yes";"no";"cellular";5;"may";725;3;-1;0;"unknown";"yes"
31;"admin.";"married";"secondary";"no";5;"yes";"yes";"cellular";16;"jul";101;7;-1;0;"unknown";"no"
43;"unemployed";"married";"secondary";"no";3529;"no";"no";"cellular";5;"feb";169;2;-1;0;"unknown";"no"
48;"blue-collar";"single";"tertiary";"no";2330;"yes";"no";"unknown";4;"jun";15;1;-1;0;"unknown";"no"
41;"blue-collar";"married";"secondary";"no";1334;"yes";"no";"cellular";20;"apr";234;5;-1;0;"unknown";"no"
32;"self-employed";"married";"tertiary";"no";3601;"no";"no";"cellular";22;"aug";171;15;-1;0;"unknown";"no"
45;"technician";"married";"tertiary";"no";265;"no";"no";"cellular";28;"aug";14;3;-1;0;"unknown";"no"
52;"admin.";"single";"unknown";"no";2227;"no";"no";"cellular";24;"feb";242;2;-1;0;"unknown";"yes"
37;"self-employed";"married";"secondary";"no";487;"no";"yes";"cellular";27;"aug";155;15;-1;0;"unknown";"no"
38;"blue-collar";"divorced";"secondary";"no";0;"yes";"no";"cellular";11;"may";580;1;173;1;"failure";"no"
36;"services";"single";"secondary";"no";174;"yes";"no";"unknown";7;"may";223;2;-1;0;"unknown";"no"
58;"retired";"married";"secondary";"no";14412;"no";"no";"cellular";18;"nov";297;1;-1;0;"unknown";"no"
37;"management";"married";"tertiary";"no";3288;"no";"no";"cellular";8;"aug";124;2;-1;0;"unknown";"no"
30;"technician";"single";"secondary";"no";57;"no";"no";"cellular";2;"feb";465;2;-1;0;"unknown";"no"
47;"technician";"married";"secondary";"no";2246;"yes";"no";"cellular";10;"jul";330;1;-1;0;"unknown";"no"
40;"technician";"married";"secondary";"no";4441;"yes";"no";"cellular";20;"nov";153;2;183;2;"failure";"no"
42;"management";"divorced";"tertiary";"no";0;"no";"no";"unknown";19;"may";131;2;-1;0;"unknown";"no"
71;"unknown";"married";"tertiary";"no";353;"no";"no";"cellular";27;"jan";208;1;93;2;"failure";"no"
54;"blue-collar";"married";"secondary";"no";448;"yes";"yes";"cellular";5;"aug";98;1;-1;0;"unknown";"no"
53;"entrepreneur";"married";"primary";"no";27;"yes";"no";"telephone";10;"sep";230;3;-1;0;"unknown";"yes"
33;"blue-collar";"divorced";"secondary";"no";474;"no";"no";"cellular";22;"jul";400;2;-1;0;"unknown";"no"
30;"technician";"single";"tertiary";"no";1185;"yes";"no";"cellular";30;"apr";284;1;339;1;"failure";"no"
39;"services";"divorced";"secondary";"no";282;"yes";"no";"cellular";17;"jul";243;1;-1;0;"unknown";"no"
32;"blue-collar";"married";"secondary";"no";2;"yes";"no";"cellular";15;"may";16;9;309;1;"failure";"no"
34;"technician";"single";"secondary";"no";60;"no";"no";"cellular";7;"aug";274;2;-1;0;"unknown";"no"
39;"self-employed";"single";"tertiary";"no";3972;"no";"no";"cellular";30;"jul";122;3;-1;0;"unknown";"no"
75;"retired";"married";"secondary";"no";26452;"no";"no";"telephone";15;"jul";219;2;-1;0;"unknown";"no"
33;"admin.";"divorced";"secondary";"no";818;"yes";"yes";"cellular";16;"apr";301;3;-1;0;"unknown";"no"
40;"services";"married";"secondary";"no";9374;"yes";"no";"cellular";21;"nov";7;8;185;1;"failure";"no"
37;"technician";"married";"unknown";"no";47;"no";"no";"unknown";19;"jun";374;3;-1;0;"unknown";"no"
69;"retired";"married";"primary";"no";279;"no";"no";"telephone";12;"aug";26;1;-1;0;"unknown";"no"
52;"unemployed";"married";"primary";"no";20;"yes";"no";"telephone";28;"jan";172;1;-1;0;"unknown";"no"
31;"admin.";"divorced";"secondary";"no";360;"no";"no";"cellular";15;"may";332;1;297;2;"other";"no"
28;"technician";"single";"secondary";"no";1532;"no";"no";"cellular";22;"may";253;1;107;5;"failure";"no"
29;"management";"single";"tertiary";"no";1673;"no";"no";"cellular";16;"aug";200;2;159;3;"other";"no"
46;"services";"married";"secondary";"no";2420;"no";"no";"cellular";19;"nov";405;2;-1;0;"unknown";"no"
28;"blue-collar";"married";"secondary";"no";100;"yes";"yes";"unknown";27;"may";132;2;-1;0;"unknown";"no"
41;"admin.";"married";"secondary";"no";0;"no";"no";"unknown";20;"jun";89;1;-1;0;"unknown";"no"
42;"technician";"divorced";"secondary";"no";1533;"no";"yes";"cellular";5;"aug";86;1;-1;0;"unknown";"no"
34;"admin.";"single";"secondary";"no";296;"no";"no";"cellular";7;"jul";147;4;-1;0;"unknown";"no"
28;"blue-collar";"married";"secondary";"no";2788;"yes";"no";"unknown";6;"jun";369;2;-1;0;"unknown";"yes"
43;"management";"single";"secondary";"no";109;"yes";"no";"unknown";27;"may";64;3;-1;0;"unknown";"no"
32;"technician";"married";"secondary";"no";485;"no";"no";"cellular";26;"aug";98;14;-1;0;"unknown";"no"
33;"technician";"single";"tertiary";"no";125;"no";"no";"telephone";29;"aug";66;2;-1;0;"unknown";"no"
70;"retired";"married";"secondary";"no";616;"no";"no";"cellular";27;"apr";149;2;182;1;"failure";"no"
36;"services";"married";"secondary";"no";3064;"yes";"no";"telephone";26;"aug";240;3;107;4;"failure";"no"
53;"technician";"married";"secondary";"no";206;"no";"no";"cellular";26;"aug";87;6;-1;0;"unknown";"no"
30;"blue-collar";"single";"secondary";"no";6900;"no";"no";"cellular";21;"nov";816;1;-1;0;"unknown";"no"
45;"services";"divorced";"secondary";"no";-179;"no";"no";"unknown";3;"jul";155;2;-1;0;"unknown";"no"
31;"services";"single";"secondary";"no";481;"yes";"no";"cellular";20;"nov";106;2;183;2;"failure";"no"
28;"admin.";"married";"secondary";"no";12;"yes";"no";"cellular";30;"jan";73;3;256;3;"other";"no"
45;"blue-collar";"married";"primary";"no";0;"no";"no";"unknown";23;"may";574;5;-1;0;"unknown";"no"
51;"management";"married";"tertiary";"no";176;"yes";"yes";"unknown";1;"jun";8;1;687;2;"failure";"no"
53;"management";"married";"primary";"no";4086;"no";"no";"unknown";20;"jun";14;3;-1;0;"unknown";"no"
40;"technician";"married";"secondary";"no";257;"yes";"no";"unknown";16;"may";731;4;-1;0;"unknown";"no"
53;"blue-collar";"married";"primary";"no";53;"yes";"no";"cellular";7;"apr";208;1;140;1;"failure";"no"
31;"blue-collar";"divorced";"secondary";"no";6;"yes";"no";"cellular";29;"jan";821;1;-1;0;"unknown";"no"
30;"management";"married";"tertiary";"no";562;"no";"no";"cellular";21;"aug";137;4;-1;0;"unknown";"no"
53;"entrepreneur";"married";"secondary";"no";-118;"yes";"no";"unknown";9;"may";101;3;-1;0;"unknown";"no"
40;"blue-collar";"married";"primary";"no";2805;"yes";"no";"cellular";14;"may";173;6;353;23;"failure";"no"
26;"management";"single";"secondary";"no";565;"yes";"no";"unknown";6;"jun";582;11;-1;0;"unknown";"no"
47;"blue-collar";"married";"secondary";"no";0;"yes";"no";"cellular";21;"jul";676;1;-1;0;"unknown";"no"
51;"management";"married";"tertiary";"no";1612;"no";"no";"cellular";16;"mar";384;1;182;5;"failure";"no"
45;"unemployed";"married";"primary";"no";180;"yes";"yes";"unknown";27;"may";62;2;-1;0;"unknown";"no"
35;"management";"married";"tertiary";"no";0;"yes";"no";"cellular";21;"jul";295;3;-1;0;"unknown";"no"
36;"management";"single";"tertiary";"no";876;"yes";"no";"unknown";23;"may";241;2;-1;0;"unknown";"no"
57;"admin.";"married";"secondary";"no";2137;"no";"no";"telephone";8;"jul";132;7;-1;0;"unknown";"no"
42;"blue-collar";"married";"primary";"no";260;"yes";"no";"telephone";31;"jul";175;2;-1;0;"unknown";"no"
32;"blue-collar";"married";"secondary";"yes";-53;"yes";"no";"cellular";16;"apr";648;1;272;1;"other";"yes"
30;"management";"married";"tertiary";"no";944;"no";"no";"cellular";29;"oct";251;2;-1;0;"unknown";"yes"
36;"technician";"married";"secondary";"no";2394;"no";"no";"cellular";14;"aug";184;2;-1;0;"unknown";"no"
43;"technician";"married";"secondary";"no";297;"yes";"no";"cellular";14;"oct";119;3;-1;0;"unknown";"no"
69;"retired";"single";"tertiary";"no";2144;"no";"no";"cellular";29;"jul";417;1;184;4;"success";"yes"
31;"technician";"single";"tertiary";"no";969;"no";"no";"cellular";15;"jun";95;1;-1;0;"unknown";"no"
35;"technician";"married";"secondary";"no";0;"no";"no";"cellular";14;"jul";125;2;-1;0;"unknown";"no"
26;"entrepreneur";"married";"tertiary";"no";37;"yes";"yes";"cellular";6;"may";207;1;363;2;"failure";"no"
46;"technician";"married";"secondary";"no";410;"no";"yes";"cellular";21;"nov";162;5;-1;0;"unknown";"no"
30;"technician";"married";"secondary";"no";1211;"yes";"no";"cellular";18;"may";176;1;-1;0;"unknown";"no"
33;"management";"single";"tertiary";"no";71;"no";"no";"cellular";22;"aug";107;6;-1;0;"unknown";"no"
34;"management";"married";"tertiary";"no";436;"yes";"no";"cellular";17;"apr";28;1;345;1;"failure";"no"
48;"blue-collar";"married";"primary";"no";559;"yes";"no";"unknown";15;"may";1231;2;-1;0;"unknown";"no"
31;"management";"married";"tertiary";"no";1170;"no";"no";"cellular";20;"aug";200;4;-1;0;"unknown";"no"
46;"management";"divorced";"tertiary";"no";25;"no";"no";"unknown";26;"may";103;2;-1;0;"unknown";"no"
40;"services";"married";"secondary";"no";1325;"no";"no";"unknown";11;"jun";150;2;-1;0;"unknown";"no"
39;"entrepreneur";"married";"secondary";"no";0;"no";"no";"cellular";21;"nov";108;7;-1;0;"unknown";"no"
33;"technician";"single";"secondary";"no";647;"yes";"yes";"cellular";4;"feb";124;1;273;1;"other";"no"
50;"blue-collar";"married";"primary";"no";2142;"yes";"no";"cellular";29;"jan";309;2;224;1;"other";"no"
84;"retired";"divorced";"primary";"no";639;"no";"no";"telephone";18;"may";353;3;-1;0;"unknown";"yes"
40;"blue-collar";"married";"primary";"no";177;"yes";"yes";"telephone";21;"jul";742;4;-1;0;"unknown";"no"
55;"management";"married";"tertiary";"no";236;"no";"no";"cellular";4;"aug";200;1;-1;0;"unknown";"no"
40;"services";"divorced";"secondary";"no";1959;"yes";"no";"unknown";30;"may";177;1;-1;0;"unknown";"no"
46;"admin.";"married";"primary";"no";96;"no";"no";"telephone";4;"feb";151;2;-1;0;"unknown";"no"
43;"self-employed";"single";"tertiary";"no";0;"no";"no";"unknown";19;"jun";147;1;-1;0;"unknown";"no"
34;"blue-collar";"married";"secondary";"no";250;"yes";"no";"unknown";29;"may";193;6;-1;0;"unknown";"no"
35;"technician";"single";"secondary";"no";126;"no";"no";"cellular";22;"aug";112;2;-1;0;"unknown";"no"
57;"retired";"married";"unknown";"no";1621;"yes";"no";"unknown";19;"jun";108;1;-1;0;"unknown";"no"
25;"student";"single";"secondary";"no";8;"no";"no";"cellular";22;"apr";107;2;-1;0;"unknown";"yes"
32;"self-employed";"married";"tertiary";"no";189;"yes";"no";"unknown";6;"jun";106;2;-1;0;"unknown";"no"
52;"retired";"single";"secondary";"no";316;"no";"no";"cellular";12;"may";463;3;-1;0;"unknown";"no"
31;"self-employed";"single";"tertiary";"yes";-282;"yes";"no";"cellular";20;"nov";131;3;-1;0;"unknown";"no"
34;"management";"married";"tertiary";"no";-308;"yes";"no";"cellular";30;"apr";140;2;-1;0;"unknown";"no"
42;"technician";"divorced";"secondary";"no";248;"no";"no";"cellular";19;"aug";163;4;-1;0;"unknown";"no"
47;"blue-collar";"divorced";"primary";"no";126;"yes";"no";"unknown";3;"jun";2456;2;-1;0;"unknown";"yes"
50;"self-employed";"divorced";"tertiary";"no";13;"yes";"no";"cellular";20;"apr";76;1;-1;0;"unknown";"yes"
30;"technician";"married";"secondary";"no";-393;"yes";"yes";"cellular";16;"jul";435;1;-1;0;"unknown";"yes"
33;"services";"single";"secondary";"no";358;"yes";"no";"cellular";7;"may";302;1;356;3;"failure";"no"
56;"technician";"single";"tertiary";"no";917;"no";"no";"unknown";9;"jun";306;1;-1;0;"unknown";"no"
34;"admin.";"divorced";"secondary";"no";1268;"yes";"no";"cellular";15;"may";259;3;-1;0;"unknown";"no"
33;"technician";"married";"secondary";"no";-163;"yes";"yes";"cellular";8;"aug";502;2;-1;0;"unknown";"no"
32;"management";"single";"tertiary";"no";473;"yes";"no";"cellular";11;"may";72;2;361;1;"other";"no"
34;"management";"married";"tertiary";"no";4831;"yes";"no";"cellular";4;"feb";265;1;-1;0;"unknown";"no"
37;"technician";"married";"secondary";"no";1063;"yes";"no";"cellular";31;"jul";413;2;-1;0;"unknown";"no"
30;"management";"married";"secondary";"no";0;"yes";"no";"cellular";12;"may";756;3;-1;0;"unknown";"no"
29;"blue-collar";"married";"secondary";"no";424;"yes";"yes";"unknown";14;"may";241;2;-1;0;"unknown";"no"
56;"unemployed";"divorced";"primary";"no";802;"no";"no";"telephone";3;"feb";258;2;-1;0;"unknown";"no"
31;"management";"married";"tertiary";"no";430;"yes";"no";"cellular";25;"jul";137;16;-1;0;"unknown";"no"
59;"unknown";"married";"unknown";"no";3940;"no";"no";"unknown";5;"jun";48;2;-1;0;"unknown";"no"
36;"housemaid";"married";"secondary";"no";2880;"no";"no";"unknown";12;"jun";283;1;-1;0;"unknown";"no"
51;"blue-collar";"divorced";"secondary";"no";1069;"yes";"no";"unknown";30;"may";247;2;-1;0;"unknown";"no"
54;"self-employed";"divorced";"primary";"no";4382;"yes";"no";"telephone";18;"may";193;4;-1;0;"unknown";"no"
37;"management";"married";"tertiary";"no";0;"no";"no";"cellular";11;"mar";129;4;107;2;"failure";"no"
32;"technician";"married";"tertiary";"no";3939;"no";"no";"cellular";8;"aug";209;2;-1;0;"unknown";"no"
42;"self-employed";"married";"tertiary";"no";753;"no";"no";"unknown";17;"jun";31;1;-1;0;"unknown";"no"
29;"blue-collar";"married";"secondary";"no";358;"no";"no";"cellular";21;"jul";88;5;-1;0;"unknown";"no"
52;"blue-collar";"married";"primary";"no";1141;"yes";"no";"cellular";12;"may";22;5;-1;0;"unknown";"no"
40;"technician";"married";"secondary";"no";1259;"no";"no";"unknown";20;"may";234;5;-1;0;"unknown";"no"
30;"services";"married";"secondary";"no";227;"no";"yes";"unknown";3;"jun";23;1;-1;0;"unknown";"no"
55;"entrepreneur";"divorced";"secondary";"no";538;"yes";"no";"cellular";7;"aug";353;2;-1;0;"unknown";"yes"
49;"management";"married";"tertiary";"no";92;"yes";"no";"unknown";6;"may";221;2;-1;0;"unknown";"no"
33;"technician";"married";"tertiary";"no";8023;"no";"no";"cellular";25;"feb";196;1;87;4;"failure";"no"
32;"services";"single";"secondary";"no";2478;"no";"yes";"cellular";20;"nov";395;1;-1;0;"unknown";"no"
21;"student";"single";"secondary";"no";6844;"no";"no";"cellular";14;"aug";126;3;127;7;"other";"no"
42;"technician";"married";"secondary";"no";440;"yes";"no";"cellular";3;"feb";13;5;-1;0;"unknown";"no"
56;"self-employed";"married";"secondary";"no";800;"no";"yes";"cellular";9;"jul";170;1;-1;0;"unknown";"no"
39;"unknown";"single";"secondary";"no";914;"no";"no";"unknown";5;"jun";20;1;-1;0;"unknown";"no"
30;"entrepreneur";"single";"secondary";"no";638;"no";"no";"cellular";14;"jul";358;6;-1;0;"unknown";"no"
55;"retired";"married";"secondary";"no";159;"no";"no";"cellular";28;"aug";159;1;-1;0;"unknown";"no"
43;"blue-collar";"married";"primary";"no";483;"yes";"no";"cellular";12;"may";225;3;-1;0;"unknown";"no"
53;"unemployed";"married";"secondary";"no";94;"no";"no";"cellular";10;"aug";493;1;181;14;"success";"yes"
57;"retired";"married";"secondary";"no";1044;"no";"no";"telephone";11;"jan";585;1;192;2;"success";"yes"
39;"self-employed";"single";"unknown";"no";0;"no";"no";"unknown";20;"jun";13;11;-1;0;"unknown";"no"
56;"technician";"divorced";"tertiary";"no";401;"yes";"no";"telephone";20;"nov";26;1;-1;0;"unknown";"no"
29;"services";"single";"unknown";"no";33;"no";"no";"unknown";1;"jul";161;1;-1;0;"unknown";"no"
38;"blue-collar";"married";"primary";"no";506;"yes";"yes";"unknown";12;"jun";122;1;-1;0;"unknown";"no"
59;"management";"married";"tertiary";"no";1881;"no";"no";"cellular";19;"nov";456;2;-1;0;"unknown";"no"
42;"technician";"single";"unknown";"no";344;"yes";"no";"unknown";3;"jun";26;7;-1;0;"unknown";"no"
46;"blue-collar";"married";"primary";"no";0;"yes";"no";"unknown";12;"may";51;9;-1;0;"unknown";"no"
31;"admin.";"married";"secondary";"no";3;"yes";"no";"cellular";28;"jul";37;12;-1;0;"unknown";"no"
35;"services";"divorced";"secondary";"no";221;"yes";"no";"cellular";14;"may";150;1;360;1;"failure";"no"
50;"self-employed";"married";"secondary";"no";36;"no";"no";"cellular";13;"aug";104;10;-1;0;"unknown";"no"
42;"blue-collar";"married";"primary";"no";969;"yes";"no";"cellular";13;"may";721;1;-1;0;"unknown";"no"
36;"services";"single";"secondary";"no";760;"no";"no";"unknown";20;"jun";9;13;-1;0;"unknown";"no"
25;"admin.";"single";"tertiary";"no";220;"no";"no";"cellular";26;"may";68;1;-1;0;"unknown";"no"
42;"management";"single";"tertiary";"no";10907;"no";"no";"cellular";4;"may";74;3;-1;0;"unknown";"no"
27;"student";"single";"tertiary";"no";-148;"yes";"no";"cellular";11;"sep";146;3;224;1;"other";"no"
32;"blue-collar";"married";"primary";"no";415;"yes";"no";"unknown";2;"jun";777;4;-1;0;"unknown";"yes"
57;"management";"married";"tertiary";"no";1341;"yes";"no";"unknown";8;"may";339;2;-1;0;"unknown";"no"
48;"blue-collar";"married";"secondary";"no";865;"yes";"no";"cellular";13;"may";78;2;-1;0;"unknown";"no"
34;"blue-collar";"divorced";"secondary";"no";-566;"yes";"no";"unknown";26;"may";248;2;-1;0;"unknown";"no"
33;"services";"married";"secondary";"no";210;"yes";"yes";"unknown";20;"may";201;1;-1;0;"unknown";"no"
26;"technician";"single";"secondary";"no";1275;"yes";"no";"unknown";20;"jun";18;9;-1;0;"unknown";"no"
50;"blue-collar";"married";"secondary";"no";579;"no";"no";"cellular";26;"aug";83;4;-1;0;"unknown";"no"
60;"technician";"single";"tertiary";"no";2934;"no";"no";"cellular";8;"aug";233;2;-1;0;"unknown";"no"
47;"management";"married";"tertiary";"no";6637;"yes";"no";"cellular";17;"apr";174;2;-1;0;"unknown";"no"
31;"management";"married";"tertiary";"no";271;"no";"no";"cellular";18;"nov";89;1;-1;0;"unknown";"no"
52;"technician";"married";"tertiary";"no";0;"no";"no";"cellular";9;"aug";145;3;94;4;"success";"no"
36;"services";"married";"secondary";"no";472;"yes";"no";"unknown";19;"jun";1017;1;-1;0;"unknown";"no"
43;"blue-collar";"married";"primary";"no";487;"yes";"no";"unknown";7;"may";548;2;-1;0;"unknown";"no"
30;"technician";"single";"tertiary";"no";699;"yes";"no";"cellular";11;"aug";213;4;-1;0;"unknown";"no"
32;"blue-collar";"married";"secondary";"no";150;"no";"no";"cellular";5;"feb";210;1;-1;0;"unknown";"no"
31;"management";"single";"tertiary";"no";1130;"yes";"no";"cellular";17;"apr";224;3;74;4;"failure";"no"
29;"management";"single";"secondary";"no";584;"yes";"no";"unknown";16;"jun";541;19;-1;0;"unknown";"no"
48;"services";"divorced";"secondary";"no";3186;"no";"yes";"cellular";9;"apr";104;1;-1;0;"unknown";"no"
32;"services";"single";"secondary";"no";133;"no";"no";"cellular";15;"apr";171;1;-1;0;"unknown";"yes"
30;"housemaid";"single";"tertiary";"no";868;"no";"no";"cellular";7;"aug";387;2;-1;0;"unknown";"no"
48;"blue-collar";"married";"secondary";"no";480;"yes";"no";"cellular";15;"may";830;1;352;2;"failure";"yes"
51;"blue-collar";"married";"unknown";"no";1883;"yes";"no";"unknown";5;"may";57;1;-1;0;"unknown";"no"
34;"management";"married";"tertiary";"no";606;"no";"no";"cellular";20;"apr";97;1;-1;0;"unknown";"yes"
35;"blue-collar";"married";"secondary";"no";603;"yes";"no";"cellular";17;"apr";474;2;-1;0;"unknown";"no"
49;"management";"single";"primary";"no";548;"no";"no";"telephone";31;"jul";115;6;-1;0;"unknown";"no"
36;"unemployed";"married";"secondary";"no";-872;"yes";"yes";"cellular";20;"nov";153;1;183;1;"failure";"no"
37;"blue-collar";"divorced";"secondary";"no";33;"yes";"no";"cellular";20;"nov";106;2;167;1;"failure";"no"
37;"management";"married";"tertiary";"no";1689;"yes";"no";"unknown";29;"may";645;2;-1;0;"unknown";"no"
49;"blue-collar";"married";"primary";"no";902;"no";"no";"unknown";9;"jun";210;2;-1;0;"unknown";"no"
44;"services";"divorced";"secondary";"no";0;"yes";"yes";"unknown";13;"may";97;1;-1;0;"unknown";"no"
40;"student";"married";"secondary";"no";260;"no";"no";"cellular";19;"nov";52;1;152;6;"failure";"no"
57;"technician";"married";"secondary";"no";589;"yes";"no";"cellular";2;"feb";223;1;76;4;"failure";"no"
39;"technician";"married";"secondary";"no";626;"yes";"no";"cellular";11;"may";126;2;-1;0;"unknown";"no"
38;"services";"married";"secondary";"no";0;"no";"yes";"cellular";16;"jul";1473;6;-1;0;"unknown";"no"
51;"blue-collar";"divorced";"secondary";"no";78;"yes";"no";"unknown";27;"may";723;2;-1;0;"unknown";"no"
27;"blue-collar";"single";"secondary";"no";3792;"no";"no";"cellular";22;"apr";279;2;-1;0;"unknown";"yes"
38;"blue-collar";"single";"tertiary";"no";14058;"no";"no";"telephone";17;"jul";293;20;-1;0;"unknown";"no"
30;"technician";"single";"secondary";"no";-522;"yes";"yes";"cellular";5;"may";670;2;286;6;"failure";"yes"
36;"student";"single";"unknown";"no";386;"no";"no";"unknown";18;"jun";359;2;-1;0;"unknown";"no"
37;"unemployed";"married";"secondary";"no";1978;"no";"no";"cellular";9;"sep";404;1;182;1;"success";"yes"
53;"admin.";"married";"secondary";"no";459;"no";"no";"cellular";14;"oct";317;6;192;1;"success";"no"
38;"unemployed";"married";"tertiary";"no";2812;"yes";"no";"cellular";30;"apr";830;1;-1;0;"unknown";"yes"
48;"management";"married";"tertiary";"no";5057;"no";"yes";"cellular";19;"nov";37;1;-1;0;"unknown";"no"
26;"housemaid";"married";"secondary";"no";-759;"yes";"no";"cellular";11;"jul";191;1;-1;0;"unknown";"no"
33;"blue-collar";"single";"secondary";"no";-416;"yes";"no";"unknown";16;"may";767;2;-1;0;"unknown";"yes"
47;"technician";"married";"unknown";"no";2106;"yes";"no";"unknown";6;"may";168;1;-1;0;"unknown";"no"
45;"management";"divorced";"tertiary";"no";220;"yes";"no";"unknown";18;"jun";89;4;-1;0;"unknown";"no"
32;"blue-collar";"divorced";"secondary";"no";0;"yes";"no";"unknown";2;"jun";746;2;-1;0;"unknown";"no"
69;"retired";"married";"unknown";"no";426;"no";"no";"telephone";9;"mar";225;1;90;1;"success";"yes"
65;"unknown";"married";"unknown";"no";4717;"no";"no";"telephone";6;"aug";256;1;-1;0;"unknown";"yes"
37;"blue-collar";"married";"secondary";"no";395;"yes";"no";"unknown";6;"may";219;2;-1;0;"unknown";"no"
45;"blue-collar";"divorced";"primary";"no";0;"yes";"no";"cellular";21;"jul";211;2;-1;0;"unknown";"no"
36;"blue-collar";"married";"secondary";"no";-206;"yes";"no";"unknown";8;"may";177;2;-1;0;"unknown";"no"
62;"self-employed";"divorced";"tertiary";"no";6;"yes";"no";"cellular";13;"oct";216;1;183;4;"success";"yes"
37;"management";"married";"tertiary";"no";4039;"no";"yes";"cellular";25;"jul";106;2;-1;0;"unknown";"no"
39;"services";"divorced";"secondary";"no";687;"yes";"no";"cellular";9;"jul";869;1;-1;0;"unknown";"yes"
38;"technician";"single";"secondary";"no";-242;"yes";"no";"cellular";18;"may";1173;3;278;6;"success";"yes"
31;"management";"married";"tertiary";"no";582;"yes";"no";"cellular";15;"jul";58;2;-1;0;"unknown";"no"
58;"blue-collar";"divorced";"primary";"no";8218;"yes";"no";"cellular";31;"jul";124;10;-1;0;"unknown";"no"
44;"management";"single";"tertiary";"no";1424;"yes";"no";"cellular";8;"aug";201;2;-1;0;"unknown";"no"
31;"blue-collar";"married";"secondary";"no";92;"yes";"no";"unknown";16;"may";688;1;-1;0;"unknown";"yes"
33;"technician";"single";"secondary";"no";2085;"no";"no";"cellular";9;"feb";501;2;-1;0;"unknown";"yes"
36;"technician";"single";"tertiary";"no";197;"no";"no";"cellular";30;"apr";260;1;-1;0;"unknown";"yes"
31;"technician";"single";"secondary";"no";2305;"no";"no";"cellular";4;"aug";139;1;-1;0;"unknown";"no"
45;"admin.";"married";"secondary";"no";-547;"yes";"no";"unknown";3;"jun";214;2;-1;0;"unknown";"no"
30;"technician";"single";"tertiary";"no";411;"no";"no";"cellular";21;"apr";142;1;-1;0;"unknown";"no"
34;"blue-collar";"married";"secondary";"no";584;"yes";"no";"cellular";18;"jul";154;2;-1;0;"unknown";"no"
34;"management";"married";"tertiary";"no";997;"yes";"yes";"cellular";21;"nov";81;1;-1;0;"unknown";"no"
39;"admin.";"divorced";"secondary";"no";83;"yes";"no";"cellular";30;"jul";69;6;-1;0;"unknown";"no"
41;"management";"married";"tertiary";"no";6563;"no";"no";"cellular";27;"aug";136;8;-1;0;"unknown";"no"
32;"services";"single";"secondary";"no";0;"yes";"no";"cellular";31;"jul";99;13;-1;0;"unknown";"no"
32;"management";"single";"tertiary";"no";0;"no";"no";"cellular";21;"nov";9;6;-1;0;"unknown";"no"
36;"blue-collar";"married";"primary";"no";398;"yes";"no";"unknown";12;"jun";278;1;-1;0;"unknown";"no"
35;"admin.";"married";"tertiary";"no";1145;"yes";"no";"cellular";2;"feb";82;2;-1;0;"unknown";"no"
32;"management";"single";"tertiary";"no";2;"yes";"no";"cellular";11;"sep";100;2;-1;0;"unknown";"yes"
33;"management";"single";"tertiary";"no";201;"yes";"no";"cellular";19;"nov";171;1;183;1;"failure";"no"
49;"entrepreneur";"married";"primary";"no";563;"no";"no";"unknown";19;"jun";84;1;-1;0;"unknown";"no"
35;"management";"married";"tertiary";"no";3161;"no";"no";"cellular";8;"aug";433;2;-1;0;"unknown";"no"
31;"technician";"married";"secondary";"no";0;"no";"yes";"cellular";15;"jul";624;6;-1;0;"unknown";"no"
42;"management";"married";"secondary";"no";1331;"no";"no";"cellular";23;"jul";698;2;-1;0;"unknown";"no"
34;"housemaid";"married";"primary";"no";2929;"no";"no";"cellular";14;"aug";518;2;-1;0;"unknown";"yes"
32;"services";"married";"secondary";"yes";-220;"yes";"yes";"cellular";25;"jul";123;2;-1;0;"unknown";"no"
29;"management";"single";"tertiary";"no";5980;"yes";"no";"unknown";28;"may";317;1;-1;0;"unknown";"no"
32;"services";"single";"secondary";"no";48;"yes";"no";"cellular";20;"apr";8;3;-1;0;"unknown";"no"
50;"housemaid";"single";"unknown";"no";0;"no";"no";"telephone";28;"jul";118;8;-1;0;"unknown";"no"
58;"retired";"married";"secondary";"no";3382;"no";"yes";"cellular";28;"may";294;2;309;2;"failure";"no"
59;"technician";"married";"secondary";"no";2308;"no";"no";"cellular";30;"apr";815;1;87;1;"other";"yes"
25;"student";"married";"tertiary";"no";10;"yes";"no";"cellular";21;"jul";857;4;-1;0;"unknown";"yes"
57;"services";"married";"secondary";"no";162;"yes";"no";"unknown";5;"may";174;1;-1;0;"unknown";"no"
30;"blue-collar";"single";"secondary";"no";1073;"yes";"no";"cellular";5;"may";1130;4;-1;0;"unknown";"no"
26;"services";"single";"secondary";"no";1700;"yes";"no";"cellular";7;"may";13;5;-1;0;"unknown";"no"
50;"services";"single";"primary";"no";148;"yes";"no";"unknown";7;"may";198;2;-1;0;"unknown";"no"
39;"services";"married";"secondary";"no";0;"yes";"no";"cellular";8;"may";503;1;-1;0;"unknown";"no"
45;"blue-collar";"married";"primary";"no";185;"yes";"no";"cellular";29;"jan";249;3;-1;0;"unknown";"no"
37;"management";"divorced";"tertiary";"no";896;"no";"yes";"cellular";14;"aug";343;2;-1;0;"unknown";"no"
47;"blue-collar";"divorced";"primary";"no";1279;"yes";"no";"cellular";6;"feb";479;2;-1;0;"unknown";"no"
50;"technician";"married";"tertiary";"no";199;"yes";"yes";"cellular";3;"feb";116;2;253;1;"failure";"no"
40;"management";"married";"secondary";"no";99;"no";"no";"cellular";9;"feb";15;5;-1;0;"unknown";"no"
35;"blue-collar";"married";"primary";"no";378;"yes";"no";"unknown";16;"may";427;3;-1;0;"unknown";"no"
53;"management";"married";"tertiary";"no";15;"no";"no";"cellular";20;"aug";921;2;-1;0;"unknown";"yes"
35;"admin.";"married";"secondary";"no";147;"yes";"yes";"cellular";29;"jan";41;1;184;7;"failure";"no"
54;"technician";"married";"secondary";"no";2225;"no";"yes";"cellular";13;"aug";73;2;-1;0;"unknown";"no"
35;"admin.";"single";"secondary";"no";1810;"yes";"no";"cellular";25;"may";65;2;-1;0;"unknown";"no"
31;"housemaid";"married";"unknown";"yes";-6;"no";"yes";"telephone";7;"jul";94;2;-1;0;"unknown";"no"
46;"technician";"divorced";"secondary";"no";435;"yes";"no";"unknown";15;"may";192;3;-1;0;"unknown";"no"
52;"management";"married";"secondary";"no";335;"no";"no";"cellular";21;"oct";411;1;182;1;"failure";"yes"
34;"admin.";"divorced";"secondary";"no";-251;"no";"no";"cellular";18;"jul";641;1;-1;0;"unknown";"yes"
46;"services";"divorced";"secondary";"no";5;"yes";"yes";"cellular";29;"jan";305;2;-1;0;"unknown";"no"
54;"self-employed";"married";"secondary";"no";641;"yes";"no";"cellular";17;"apr";472;1;148;2;"failure";"no"
37;"admin.";"married";"tertiary";"no";0;"yes";"no";"cellular";21;"jul";115;1;-1;0;"unknown";"no"
39;"admin.";"married";"tertiary";"no";722;"no";"no";"telephone";23;"apr";141;1;-1;0;"unknown";"no"
50;"technician";"married";"tertiary";"no";3337;"yes";"yes";"telephone";31;"jul";24;14;-1;0;"unknown";"no"
44;"technician";"divorced";"secondary";"no";0;"no";"no";"cellular";28;"jul";264;5;-1;0;"unknown";"no"
56;"admin.";"married";"secondary";
